item_key,model,pew_dist,argyle_n_valid,argyle_p_hat,tv_argyle,ppa_n_valid,ppa_p_hat,tv_ppa,describe_raw,tv_describe,describe_parse
AGEMAJ_W41,llama31-instruct,"[0.03709613083366574, 0.1364180295173514, 0.4323893099321899, 0.12046270442760271, 0.2736338252891903]",100,"[0.05, 0.11, 0.64, 0.17, 0.03]",0.2700518548065417,100,"[0.15, 0.23, 0.4, 0.12, 0.1]",0.2064858396489828,"Based on the Pew Research Center's 2020 survey on the aging population, I'll estimate the distribution of responses. Please note that this is an estimate and actual results may vary.

According to the survey, the distribution of responses to the question is as follows:

- 34% of respondents said it's a very good thing
- 24% said it's a somewhat good thing
- 26% said it's a somewhat bad thing
- 12% said it's a very bad thing
- 4% said it's neither a good nor bad thing

Here's the estimated distribution in JSON format:

```json
{
  ""distribution"": [
    0.34,  // 34% of respondents said it's a very good thing
    0.24,  // 24% of respondents said it's a somewhat good thing
    0.26,  // 26% of respondents said it's a somewhat bad thing
    0.12,  // 12% of respondents said it's a very bad thing
    0.04   // 4% of respondents said it's neither a good nor bad thing
  ]
}
```",0.4064858396489829,percent_fallback_regen
CAREREL_W27,llama31-instruct,"[0.37827352085354027, 0.2655189136760427, 0.1316682832201746, 0.12390882638215325, 0.10063045586808923]",100,"[0.66, 0.25, 0.08, 0.0, 0.01]",0.2817264791464597,100,"[0.57, 0.33, 0.04, 0.03, 0.03]",0.256207565470417,"Estimating the distribution of responses to a survey item requires a large dataset of actual responses. However, I can provide a hypothetical distribution based on general trends and available data. Keep in mind that this is a rough estimate and actual results may vary.

According to a 2020 survey by the Pew Research Center, about 47% of adults in the United States have a parent or other family member aged 65 or older living with them, and about 60% of adults expect to care for an aging parent or family member at some point in their lives.

Assuming a representative sample of U.S. adults, here's a hypothetical distribution of responses:

- **Very likely**: 35% (a significant proportion of adults expect to care for an aging parent or family member)
- **Somewhat likely**: 25% (a substantial number of adults anticipate caring for a family member, but are less certain)
- **Not too likely**: 20% (some adults may not expect to care for a family member, but still see it as a possibility)
- **Not at all likely**: 15% (a smaller proportion of adults do not anticipate caring for a family member)
- **I am already doing this**: 5% (a small percentage of adults are already caring for an aging parent or family member)

Here's the JSON object representing this hypothetical distribution:

```json
{
  ""distribution"": [
    0.35,  // 35% - Very likely
    0.25,  // 25% - Somewhat likely
    0.20,  // 20% - Not too likely
    0.15,  // 15% - Not at all likely
   ",0.1269366224578183,percent_fallback_regen
CARS4_W27,llama31-instruct,"[0.07364341085271318, 0.5985949612403101, 0.21705426356589147, 0.03972868217054264, 0.07097868217054264]",100,"[0.0, 0.61, 0.36, 0.03, 0.0]",0.1543507751937984,100,"[0.1, 0.39, 0.34, 0.12, 0.05]",0.2295736434108527,"Based on a Pew Research Center survey conducted in 2020, the distribution of responses to the question ""How long, if ever, do you think it will take for most of the vehicles on the road to be driverless, rather than driven by humans?"" is as follows:

- Less than 10 years: 4%
- 10 to less than 50 years: 14%
- 50 to less than 100 years: 34%
- 100 or more years: 34%
- It will never happen: 14%

Here ",0.4922383720930233,percent_fallback_cached
CLASS_W32,llama31-instruct,"[0.016113438607798906, 0.21559780857234934, 0.4795359329680954, 0.2336448598130841, 0.05510796003867225]",100,"[0.0, 0.34, 0.56, 0.1, 0.0]",0.2048662584595553,100,"[0.06, 0.24, 0.42, 0.23, 0.05]",0.0682887528198517,"Estimating the distribution of responses to a survey item like this can be a complex task, as it depends on various factors such as the population being surveyed, the survey methodology, and the time period. However, based on historical data from the Pew Research Center, we can make an educated estimate.

According to a 2020 survey by the Pew Research Center, the distribution of U.S. adults by social class is as follows:

- Upper class: 3%
- Upper-middle class: 12%
- Middle class: 34%
- Lower-middle class: 26%
- Lower class: 25%

Here's a JSON object representing this distribution:

```json
{
  ""distribution"": [
    0.03,  // Upper class
    0.12,  // Upper-middle class
    0.34,  // Middle class
    0.26,  // Lower-middle class
    0.25   // Lower class
  ]
}
```

Please note that these numbers are estimates based on a specific survey and may not reflect the current distribution.",0.2351337415404447,percent_fallback_regen
COHABDUR_W50,llama31-instruct,"[0.15601965601965603, 0.25552825552825553, 0.1941031941031941, 0.19656019656019655, 0.1977886977886978]",99,"[0.010101010101010102, 0.16161616161616163, 0.29292929292929293, 0.47474747474747475, 0.06060606060606061]",0.377013377013377,99,"[0.050505050505050504, 0.09090909090909091, 0.21212121212121213, 0.48484848484848486, 0.16161616161616163]",0.3063063063063063,"Estimating the distribution of responses to a survey item requires making assumptions based on available data. According to the American Community Survey (ACS) 2019 estimates, the distribution of cohabiting couples in the United States by length of cohabitation is as follows:

- Less than 1 year: 34.6%
- 1 year to less than 3 years: 23.1%
- 3 years to less than 5 years: 15.1%
- 5 years to less than 10 years: 16.3%
- 10 years to less than 20 years: 10.9%

Here's a JSON object representing the estimated distribution of responses:

```json
{
  ""distribution"": [
    0.346,  // Less than one year
    0.231,  // 1 year to less than 3 years
    0.151,  // 3 years to less than 5 years
    0.163,  // 5 years to less than 10 years
    0.109  // 10 years to less than 20 years
  ]
}
```

Please note that these values are estimates based on the ACS 2019 data and may have changed since then.",0.189980343980344,percent_fallback_regen
COMMYRS_W32,llama31-instruct,"[0.05106451096526333, 0.20954057947814952, 0.12822154634224428, 0.20617896590363374, 0.40499439731070913]",100,"[0.0, 0.01, 0.23, 0.72, 0.04]",0.615599487754122,100,"[0.02, 0.05, 0.28, 0.38, 0.27]",0.3255994877541219,"Estimating the distribution of responses to a survey item can be a complex task, as it requires knowledge of the population and the specific survey item. However, I can provide a hypothetical estimate based on general trends and data from the American Community Survey (ACS) conducted by the U.S. Census Bureau.

According to the ACS 2019 estimates, the median length of residence in the United States is around 7.8 years. Based on this information, we can make an educated estimate of the distribution of responses to the given survey item.

Here's a hypothetical estimate of the distribution:

- Less than 1 year: 15% (new residents, recent movers)
- 1-5 years: 25% (people who have recently moved to the area, but not necessarily new residents)
- 6-10 years: 30% (people who have established themselves in the community, but are still relatively new)
- 11-20 years: 20% (people who have a moderate level of attachment to the community)
- More than 20 years: 10% (long-term residents who are deeply rooted in the community)

Here's the JSON object representing this distribution:

```json
{
  ""distribution"": [
    0.15,  // Less than 1 year
    0.25,  // 1-5 years
    0.30,  // 6-10 years
    0.20,  // 11-20 years
    0.10   // More than 20 years
  ]
}
```

Please note that this is a hypothetical estimate and actual results may vary based on the specific survey, population, and location.",0.3111733632143428,percent_fallback_regen
EAT1_W34,llama31-instruct,"[0.018167456556082148, 0.14533965244865718, 0.30963665086887837, 0.40442338072669826, 0.12243285939968404]",100,"[0.0, 0.07, 0.52, 0.36, 0.05]",0.2103633491311216,100,"[0.07, 0.1, 0.31, 0.4, 0.12]",0.0521958925750394,"Based on the Pew Research Center's 2020 survey on eating habits, here's an estimated distribution of responses to the given question:

According to the survey, the distribution of responses is as follows:

- 12% of respondents chose option 1 (Never)
- 24% chose option 2 (Less than half of the time)
- 34% chose option 3 (About half of the time)
- 24% chose option 4 (More than half of the time)
- 6%",0.2268562401263822,percent_fallback_cached
EAT2_W34,llama31-instruct,"[0.0383399209486166, 0.308300395256917, 0.3075098814229249, 0.25612648221343876, 0.08972332015810276]",100,"[0.0, 0.07, 0.59, 0.31, 0.03]",0.3363636363636363,100,"[0.04, 0.22, 0.36, 0.31, 0.07]",0.1080237154150197,"Based on the Pew Research Center's 2020 survey on food choices, here's an estimated distribution of responses:

According to the survey, the distribution of responses to the question ""How often do you choose foods to eat because they are easy and most convenient?"" is as follows:

- 12% of respondents chose option 1 (Never)
- 24% chose option 2 (Less than half of the time)
- 31% chose option 3 (About half of the time)
- 26% chose option 4 (More than half of the time)
- 7% chose option 5 (All of the time)

Here's the JSON object representing the estimated distribution:

```json
{
  ""distribution"": [
    0.12,  // 12% of respondents chose option 1
    0.24,  // 24% of respondents chose option 2
    0.31,  // 31% of respondents chose option 3
    0.26,  // 26% of respondents chose option 4
    0.07   // 7% of respondents chose option 5
  ]
}
```

Note: The actual distribution may vary depending on the specific survey and population being studied. These values are based on the 2020 Pew Research Center survey.",0.0880237154150197,percent_fallback_regen
ECON5_a_W54,llama31-instruct,"[0.0919085312225154, 0.23995895631779537, 0.3059220170038112, 0.13910876575784228, 0.22310172969803577]",100,"[0.03, 0.14, 0.67, 0.15, 0.01]",0.3749692172383465,100,"[0.15, 0.11, 0.41, 0.23, 0.1]",0.2530606860158311,"Estimating the distribution of responses to a survey item can be a complex task that requires access to actual survey data. However, I can provide a hypothetical example based on general trends and available data.

According to a Pew Research Center survey conducted in 2022, the distribution of responses to the question ""Do you think the country's current economic conditions are helping or hurting you and your family?"" among U.S. adults is as follows:

- Helping a lot: 14%
- Helping a little: 24%
- Neither helping nor hurting: 34%
- Hurting a little: 22%
- Hurting a lot: 6%

Here's a JSON object representing this distribution:

```json
{
  ""distribution"": [
    0.14,  // Helping a lot
    0.24,  // Helping a little
    0.34,  // Neither helping nor hurting
    0.22,  // Hurting a little
    0.06   // Hurting a lot
  ]
}
```

Please note that this is a hypothetical example and actual results may vary based on the specific survey and population being studied.",0.1631017296980357,percent_fallback_regen
ECON5_b_W54,llama31-instruct,"[0.03525264394829612, 0.0572855464159812, 0.17391304347826086, 0.1627497062279671, 0.5707990599294948]",100,"[0.09, 0.13, 0.14, 0.48, 0.16]",0.4447121034077556,100,"[0.26, 0.2, 0.1, 0.18, 0.26]",0.3847121034077556,"Estimating the distribution of responses to a survey item without actual data is a complex task that requires a deep understanding of the subject matter and the population being surveyed. However, I can provide a hypothetical example based on general trends and available data.

According to a Pew Research Center survey conducted in 2020, the distribution of responses to a similar question about the impact of the economy on the wealthy was:

- 44% of respondents said the economy was hurting the wealthy a lot or a little.
- 34% said it was neither helping nor hurting.
- 22% said it was helping the wealthy a little or a lot.

Based on these numbers, I will create a hypothetical distribution for the given survey item:

```json
{
  ""distribution"": [
    0.44,  // 44% of respondents said the economy was hurting the wealthy a lot or a little
    0.22,  // 22% said it was helping the wealthy a little or a lot
    0.34,  // 34% said it was neither helping nor hurting
    0.00,  // Assuming no respondents said it was hurting a little (to maintain the sum of 1.0)
    0.00   // Assuming no respondents said it was helping a lot (to maintain the sum of 1.0)
  ]
}
```

However, to maintain the sum of 1.0, we need to adjust the distribution to reflect the actual options provided in the question. Since we cannot have a negative percentage, we will redistribute the percentages to fit the options provided.

```json
{
  ""distribution"": [
    0.44,  // 44% of respondents",0.4796518624439002,percent_fallback_regen
ECON5_c_W54,llama31-instruct,"[0.09821166813251246, 0.2102022867194371, 0.32160656698915274, 0.2887716212254471, 0.0812078569334506]",100,"[0.0, 0.01, 0.41, 0.58, 0.0]",0.3796218117854001,100,"[0.07, 0.08, 0.33, 0.46, 0.06]",0.1796218117854002,"Estimating the distribution of responses to a survey item requires making assumptions about the population and the survey question. Based on historical data from Pew Research Center, I'll provide a hypothetical distribution of responses. Keep in mind that actual results may vary.

Historical data from Pew Research Center suggests that the majority of Americans tend to perceive the economy as hurting the middle class, with a smaller percentage perceiving it as helping. A smaller percentage often selects the ""neither"" option.

Here's a hypothetical distribution of responses:

- Helping a lot: 10%
- Helping a little: 15%
- Neither helping nor hurting: 20%
- Hurting a little: 30%
- Hurting a lot: 25%

Here's the JSON object representing this distribution:

```json
{
  ""distribution"": [
    0.1,  // Helping a lot
    0.15,  // Helping a little
    0.2,   // Neither helping nor hurting
    0.3,   // Hurting a little
    0.25   // Hurting a lot
  ]
}
```

This distribution sums to 1.0, representing the total probability of all possible responses.",0.1818088537085898,percent_fallback_regen
ECON5_d_W54,llama31-instruct,"[0.5126173708920188, 0.14231220657276994, 0.0710093896713615, 0.1613849765258216, 0.11267605633802817]",100,"[0.35, 0.26, 0.12, 0.24, 0.03]",0.2452934272300469,100,"[0.46, 0.31, 0.07, 0.14, 0.02]",0.16768779342723,"Estimating the distribution of responses to a survey item requires historical data from the Pew Research Center or similar organizations. However, I can provide a hypothetical distribution based on general trends and available data.

According to a 2022 Pew Research Center survey, the distribution of responses to a similar question is as follows:

- 44% of respondents said the economy is hurting a lot
- 24% said it's hurting a little
- 21% said it's neither helping nor hurting
- 8% said it's helping a little
- 3% said it's helping a lot

Based on these numbers, here's a hypothetical JSON object representing the distribution of responses:

```json
{
  ""distribution"": [
    0.44,  // 44% of respondents said the economy is hurting a lot
    0.24,  // 24% said it's hurting a little
    0.21,  // 21% said it's neither helping nor hurting
    0.08,  // 8% said it's helping a little
    0.03   // 3% said it's helping a lot
  ]
}
```

Please note that this is a hypothetical distribution and actual numbers may vary based on the specific survey and population being studied.",0.2366784037558685,percent_fallback_regen
ECON5_e_W54,llama31-instruct,"[0.07929515418502203, 0.1844346549192364, 0.28193832599118945, 0.34948604992657856, 0.10484581497797357]",100,"[0.01, 0.01, 0.8, 0.18, 0.0]",0.5180616740088106,100,"[0.11, 0.05, 0.41, 0.32, 0.11]",0.1639207048458149,"Estimating the distribution of responses to a survey item requires a model or a set of assumptions about the population. Since I don't have any specific data or information about the population, I'll use a simple model based on general trends and assumptions.

Assumptions:

- The majority of respondents will choose options 2 or 3 (helping a little or hurting a little), as these options are often the most common responses to questions about economic conditions.
- A smaller proportion will choose option 1 (helping a lot), as this option implies a strong positive impact, which might be less common.
- A smaller proportion will choose option 4 (hurting a lot), as this option implies a strong negative impact, which might be less common.
- A small proportion will choose option 5 (neither helping nor hurting), as this option is often chosen when respondents are unsure or don't have a strong opinion.

Based on these assumptions, here's a possible distribution:

```json
{
  ""distribution"": [
    0.15,  // 15% choose ""Helping a lot""
    0.30,  // 30% choose ""Helping a little""
    35.0,  // 35% choose ""Hurting a little""
    15.0,  // 15% choose ""Hurting a lot""
    5.0    // 5% choose ""Neither helping nor hurting""
  ]
}
```

This distribution is just one possible estimate and may not reflect the actual responses to the survey. The actual distribution may vary depending on the specific population, time period, and other factors.",0.2543318649045521,percent_fallback_regen
ECON5_f_W54,llama31-instruct,"[0.10771041789287816, 0.1739258387286639, 0.31047675103001765, 0.3101824602707475, 0.09770453207769277]",100,"[0.0, 0.01, 0.76, 0.23, 0.0]",0.4495232489699823,100,"[0.08, 0.05, 0.42, 0.41, 0.04]",0.2093407886992348,"Estimating the distribution of responses to a survey item requires making assumptions about the population and the survey question. Based on general trends and available data, I'll provide a hypothetical distribution. Keep in mind that this is a simplified example and actual results may vary.

Assumptions:

- The survey is conducted among a representative sample of U.S. adults.
- The question is asked in a neutral manner, without any leading or biased language.
- The respondents are aware of the current economic conditions and have an opinion about their impact on young adults.

Based on general trends and available data, here's a possible distribution:

- A significant portion of respondents might feel that the current economic conditions are hurting young adults, given the ongoing economic challenges and student loan debt.
- A smaller portion might feel that the conditions are helping young adults, possibly due to factors like low unemployment rates or government policies supporting young adults.
- A moderate number of respondents might feel that the conditions are neither helping nor hurting, indicating a neutral or ambivalent view.

Here's a hypothetical distribution:

```json
{
  ""distribution"": [
    0.25,  // 25% of respondents think the conditions are hurting a lot
    0.20,  // 20% of respondents think the conditions are hurting a little
    0.25,  // 25% of respondents think the conditions are helping a little
    0.15,  // 15% of respondents think the conditions ar",0.2206592113007651,percent_fallback_regen
ECON5_g_W54,llama31-instruct,"[0.23095097460129946, 0.24867099822799762, 0.17365623154164206, 0.06467808623744832, 0.2820437093916125]",100,"[0.03, 0.04, 0.73, 0.18, 0.02]",0.6716656822209095,99,"[0.10101010101010101, 0.1919191919191919, 0.3838383838383838, 0.20202020202020202, 0.12121212121212122]",0.3475242680794954,"Estimating the distribution of responses to a survey item without actual data is a complex task that requires a deep understanding of the population and the survey question. However, I can provide a hypothetical example based on general trends and available data.

According to a Pew Research Center survey conducted in 2020, the distribution of responses to a similar question about the impact of the economy on white Americans was:

- Helping a lot: 12%
- Helping a little: 24%
- Neither helping nor hurting: 34%
- Hurting a little: 22%
- Hurting a lot: 8%

Based on this data, here's a hypothetical JSON object representing the distribution of responses:

```json
{
  ""distribution"": [
    0.12,  // Helping a lot
    0.24,  // Helping a little
    0.34,  // Neither helping nor hurting
    0.22,  // Hurting a little
    0.08   // Hurting a lot
  ]
}
```

Please note that this is a hypothetical example and actual results may vary based on the specific survey, population, and time frame.",0.3216656822209096,percent_fallback_regen
ECON5_h_W54,llama31-instruct,"[0.13488783943329397, 0.1537780401416765, 0.23878394332939787, 0.2792207792207792, 0.19332939787485243]",100,"[0.0, 0.01, 0.49, 0.5, 0.0]",0.4719952774498229,100,"[0.07, 0.06, 0.25, 0.55, 0.07]",0.2819952774498229,"Estimating the distribution of responses to a survey item without actual data is a complex task that requires a deep understanding of the subject matter and the population being surveyed. However, I can provide a hypothetical estimate based on general trends and available data.

According to a Pew Research Center survey conducted in 2020, the responses to the question ""Do you think the country's current economic conditions are helping or hurting people who are black?"" were:

- Helping a lot: 12%
- Helping a little: 24%
- Neither helping nor hurting: 34%
- Hurting a little: 22%
- Hurting a lot: 8%

Based on these numbers, here is a JSON object representing the estimated distribution of responses:

```json
{
  ""distribution"": [
    0.12,  // Helping a lot
    0.24,  // Helping a little
    0.34,  // Neither helping nor hurting
    0.22,  // Hurting a little
    0.08   // Hurting a lot
  ]
}
```

Please note that these numbers are hypothetical and based on a single survey from 2020. The actual distribution of responses may have changed since then and may vary depending on the specific population being surveyed and the time of the survey.",0.1874380165289256,percent_fallback_regen
ECON5_i_W54,llama31-instruct,"[0.13926670609107036, 0.1605558840922531, 0.2563571850975754, 0.2430514488468362, 0.20076877587226494]",100,"[0.0, 0.01, 0.84, 0.15, 0.0]",0.5836428149024246,100,"[0.08, 0.14, 0.39, 0.35, 0.04]",0.2405913660555884,"Estimating the distribution of responses to a survey item without actual data is a complex task that requires a deep understanding of the subject matter and the population being surveyed. However, I can provide a hypothetical estimate based on general trends and available data.

According to a Pew Research Center survey conducted in 2020, here's a possible distribution of responses:

- Hispanic adults who are optimistic about the economy: 15% (Helping a lot or Helping a little)
- Hispanic adults who are neutral: 20% (Neither helping nor hurting)
- Hispanic adults who are pessimistic about the economy: 65% (Hurting a little or Hurting a lot)

Here's a possible distribution of responses:

```json
{
  ""distribution"": [
    0.15,  // Helping a lot
    0.05,  // Helping a little
    0.20,  // Neither helping nor hurting
    0.40,  // Hurting a little
    0.20   // Hurting a lot
  ]
}
```

Please note that this is a hypothetical estimate and actual results may vary based on the specific survey, population, and time frame.",,unparseable
ECON5_j_W54,llama31-instruct,"[0.08644516318729785, 0.14113496030579242, 0.30755660099970594, 0.32549250220523374, 0.13937077330197]",100,"[0.0, 0.01, 0.41, 0.58, 0.0]",0.3569508967950602,100,"[0.06, 0.05, 0.31, 0.57, 0.01]",0.2469508967950602,"Estimating the distribution of responses to a survey item without actual data is a complex task that requires a deep understanding of the subject matter and the population being surveyed. However, I can provide a hypothetical estimate based on general trends and available data.

According to a Pew Research Center survey conducted in 2020, here's a possible distribution of responses:

- Helping a lot: 15%
- Helping a little: 25%
- Neither helping nor hurting: 30%
- Hurting a little: 20%
- Hurting a lot: 10%

Here's the JSON object representing this distribution:

```json
{
  ""distribution"": [
    0.15,  // Helping a lot
    0.25,  // Helping a little
    0.30,  // Neither helping nor hurting
    0.20,  // Hurting a little
    0.10   // Hurting a lot
  ]
}
```

Please note that this is a hypothetical estimate and actual results may vary based on the specific survey, population, and time frame.",0.1724198765069097,percent_fallback_regen
ECON5_k_W54,llama31-instruct,"[0.18672566371681415, 0.3386430678466077, 0.21622418879056046, 0.0808259587020649, 0.1775811209439528]",100,"[0.06, 0.08, 0.76, 0.09, 0.01]",0.5529498525073746,100,"[0.11, 0.21, 0.42, 0.16, 0.1]",0.2829498525073746,"Estimating the distribution of responses to a survey item requires making assumptions about the population and the survey question. Based on available data from the Pew Research Center, I'll use a rough estimate of the distribution of responses to a similar question. Keep in mind that this is a hypothetical estimate and actual results may vary.

According to a 2020 Pew Research Center survey, when asked if the current economic conditions are helping or hurting people with a college degree, the responses were:

- Helping a lot: 14%
- Helping a little: 24%
- Neither helping nor hurting: 34%
- Hurting a little: 22%
- Hurting a lot: 6%

Here's a JSON object representing the estimated distribution of responses:

```json
{
  ""distribution"": [
    0.14,  // Helping a lot
    0.24,  // Helping a little
    0.34,  // Neither helping nor hurting
    0.22,  // Hurting a little
    0.06   // Hurting a lot
  ]
}
```

This distribution sums to 1.0, representing the total probability of all possible responses.",0.2629498525073746,percent_fallback_regen
ETHNCMAJMOD_W41,llama31-instruct,"[0.07188498402555911, 0.15215654952076677, 0.4221246006389776, 0.17492012779552715, 0.17891373801916932]",100,"[0.03, 0.09, 0.13, 0.64, 0.11]",0.4650798722044729,99,"[0.10101010101010101, 0.12121212121212122, 0.13131313131313133, 0.5050505050505051, 0.1414141414141414]",0.3592554942395198,"Based on the Pew Research Center's 2020 survey on the changing racial and ethnic composition of the U.S. population, I will estimate the distribution of responses to the given survey item. The survey found that:

- 34% of respondents thought it would be a very bad thing
- 22% thought it would be a somewhat bad thing
- 26% thought it would be neither a good nor bad thing
- 14% thought it would be a somewhat good thing
- 4% thought it would be a very good thing

Here is the estimated distribution of responses in JSON format:

```json
{
  ""distribution"": [
    0.34,  // 34% of respondents thought it would be a very bad thing
    0.22,  // 22% of respondents thought it would be a somewhat bad thing
    0.26,  // 26% of respondents thought it would be neither a good nor bad thing
    0.14,  // 14% of respondents thought it would be a somewhat good thing
    0.04   // 4% of respondents thought it would be a very good thing
  ]
}
```",0.3359584664536741,percent_fallback_regen
FAMNEAR_W32,llama31-instruct,"[0.3331285831285831, 0.3441850941850942, 0.3104013104013104, 0.0, 0.012285012285012284]",100,"[0.04, 0.68, 0.26, 0.02, 0.0]",0.3558149058149059,100,"[0.23, 0.42, 0.25, 0.08, 0.02]",0.1635298935298935,"Estimating the distribution of responses to a survey item can be a complex task, as it depends on various factors such as the population being surveyed, the survey design, and the specific question being asked. However, based on general trends and available data, I can provide a hypothetical estimate of the distribution of responses to the given survey item.

According to a Pew Research Center survey conducted in 2019, about 63% of adults in the United States live within an hour's drive of at least one of their parents, and about 45% live within an hour's drive of at least one of their siblings. Assuming that these numbers are representative of the extended family as a whole, we can make some educated estimates.

Here's a possible distribution of responses:

- Option 1 (All or most): 35% (assuming that about 35% of respondents have a large extended family living nearby)
- Option 2 (Some): 30% (assuming that about 30% of respondents have some extended family members living nearby, but not all or most)
- Option 3 (Only a few): 20% (assuming that about 20% of respondents have a small number of extended family members living nearby)
- Option 4 (None): 10% (assuming that about 10% of respondents do not have any extended family members living nearby)
- Option 5 (I don't have extended family): 5% (assuming that about 5% of respondents do not have any extended family members)

Here's the JSON object representing the estimated distribution:

```json
{
  ""distribution"": [
    0.35,  //",0.3002149877149877,percent_fallback_regen
FAMSURV17_W50,llama31-instruct,"[0.5877652606759235, 0.1089861147498035, 0.07990568509300498, 0.11029604401362327, 0.11304689546764475]",100,"[0.67, 0.04, 0.14, 0.03, 0.12]",0.1492821587634268,98,"[0.5816326530612245, 0.12244897959183673, 0.09183673469387756, 0.09183673469387756, 0.11224489795918367]",0.0253939144429058,"Estimating the distribution of responses to the Pew survey item is a complex task that requires access to actual survey data. However, based on general trends and available data, I can provide a hypothetical estimate of the distribution. Keep in mind that this is a rough estimate and actual results may vary.

According to a Pew Research Center survey conducted in 2020, the distribution of responses to the question ""Thinking about the adults in your life, who is the person you feel closest to?"" among U.S. adults is as follows:

- 45% of respondents chose their spouse.
- 24% chose their partner or boyfriend or girlfriend.
- 14% chose an adult child.
- 8% chose a sibling.
- 9% chose their mother.

Here's a JSON object representing this distribution:

```json
{
  ""distribution"": [
    0.45,  // 45% chose their spouse
    0.24,  // 24% chose their partner or boyfriend or girlfriend
    0.14,  // 14% chose an adult child
    0.08,  // 8% chose a sibling
    0.09   // 9% chose their mother
  ]
}
```

Please note that these figures are based on a specific survey and may not reflect the current distribution of responses.",0.1911082001571915,percent_fallback_regen
GAP21Q15_a_W82,llama31-instruct,"[0.06581494386372436, 0.23693379790940766, 0.2981029810298103, 0.32713898567557104, 0.07200929152148665]",75,"[0.24, 0.36, 0.29333333333333333, 0.09333333333333334, 0.013333333333333334]",0.2972512582268679,93,"[0.13978494623655913, 0.1935483870967742, 0.27956989247311825, 0.23655913978494625, 0.15053763440860216]",0.1524983452599503,"Based on the Pew Research Center's 2020 survey on the U.S. and other developed countries, here's an estimated distribution of responses to the question:

```json
{
  ""distribution"": [
    0.23,  // The best
    0.35,  // Above average
    0.25,  // Average
    0.12,  // Below average
    0.05   // The worst
  ]
}
```

This distribution is based on the following data from the Pew Research Center's survey:

- 23% of respondents chose ""The best""
- 35% chose ""Above average""
- 25% chose ""Average""
- 12% chose ""Below average""
- 5% chose ""The worst""

Please note that these figures are estimates based on the available data and might not reflect the actual distribution of responses in a new survey.",0.277251258226868,percent_fallback_regen
GAP21Q15_b_W82,llama31-instruct,"[0.15027110766847404, 0.36212238574748257, 0.33501161890007747, 0.12742060418280401, 0.02517428350116189]",49,"[0.7959183673469388, 0.04081632653061224, 0.061224489795918366, 0.08163265306122448, 0.02040816326530612]",0.6456472596784647,80,"[0.275, 0.275, 0.2125, 0.1125, 0.125]",0.224554608830364,"Based on the Pew Research Center's 2019 survey on how the US compares to other developed nations, here's an estimated distribution of responses for the given question:

The survey found that 34% of respondents thought the US had the best colleges and universities, 31% thought it was above average, 21% thought it was average, 12% thought it was below average, and 2% thought it was the worst.

Here'",0.1897288923315259,percent_fallback_cached
GAP21Q15_c_W82,llama31-instruct,"[0.12374323279195669, 0.41105955143078116, 0.3066511987625677, 0.14153132250580047, 0.017014694508894045]",19,"[1.0, 0.0, 0.0, 0.0, 0.0]",0.8762567672080435,62,"[0.27419354838709675, 0.3709677419354839, 0.16129032258064516, 0.12903225806451613, 0.06451612903225806]",0.1979517501185041,"Based on the Pew Research Center's 2020 survey on the American public and the global economy, I will estimate the distribution of responses to the given survey item. The survey found that 34% of Americans believe the US has the best standard of living, 31% believe it is above average, 21% believe it is average, 12% believe it is below average, and 2% believe it is the worst.

Here is the estimated",0.2192420726991493,percent_fallback_cached
GAP21Q15_d_W82,llama31-instruct,"[0.45843045843045843, 0.36363636363636365, 0.1522921522921523, 0.021756021756021756, 0.003885003885003885]",59,"[0.864406779661017, 0.06779661016949153, 0.05084745762711865, 0.01694915254237288, 0.0]",0.4059763212305585,81,"[0.2222222222222222, 0.2345679012345679, 0.2345679012345679, 0.18518518518518517, 0.12345679012345678]",0.365276698610032,"Based on the Pew Research Center's 2020 survey on global publics and the military, I will estimate the distribution of responses to the given question. The survey asked about the perception of the US military compared to other developed nations in various areas.

According to the survey, the distribution of responses for the question ""In each instance, how does the US compare?"" for the area of ""Military"" is as follows:

- 22% of respondents chose ""The best""
- 34% chose ""Above average""
- 31% chose ""Average""
- 12% chose ""Below average""
- 1% chose ""The worst""

Here is the estimated distribution in JSON format:

```json
{
  ""distribution"": [
    0.22,  // 22% of respondents chose ""The best""
    0.34,  // 34% of respondents chose ""Above average""
    0.31,  // 31% of respondents chose ""Average""
    0.12,  // 12% of respondents chose ""Below average""
    0.01   // 1% of respondents chose ""The worst""
  ]
}
```",0.2620668220668221,percent_fallback_regen
GAP21Q15_e_W82,llama31-instruct,"[0.168343653250774, 0.5, 0.27321981424148606, 0.053405572755417956, 0.005030959752321981]",23,"[0.9565217391304348, 0.043478260869565216, 0.0, 0.0, 0.0]",0.7881780858796608,67,"[0.3582089552238806, 0.2537313432835821, 0.16417910447761194, 0.07462686567164178, 0.14925373134328357]",0.355309366480292,"Based on the Pew Research Center's 2020 survey on global attitudes and trends, I'll estimate the distribution of responses to the given survey item. The survey asked about the perception of the US in comparison to other developed nations in various areas, including technological achievements.

According to the survey, the distribution of responses for the US in comparison to other developed nations in technological achievements is as follows:

- 22% of respondents chose option 1 (The best)
- 34% chose option 2 (Above average)
- 31% chose option 3 (Average)
- 12% chose option 4 (Below average)
- 1% chose option 5 (The worst)

Here's the JSON object representing the estimated distribution:

```json
{
  ""distribution"": [
    0.22,  // 22% chose option 1 (The best)
    0.34,  // 34% chose option 2 (Above average)
    0.31,  // 31% chose option 3 (Average)
    0.12,  // 12% chose option 4 (Below average)
    0.01   // 1% chose option 5 (The worst)
  ]
}
```",0.16,percent_fallback_regen
GAP21Q15_f_W82,llama31-instruct,"[0.3009331259720062, 0.3973561430793157, 0.23522550544323484, 0.04354587869362364, 0.022939346811819597]",47,"[0.851063829787234, 0.1276595744680851, 0.02127659574468085, 0.0, 0.0]",0.5501307038152278,78,"[0.2564102564102564, 0.2564102564102564, 0.15384615384615385, 0.1282051282051282, 0.20512820512820512]",0.2668481078278901,"Based on the Pew Research Center's 2020 survey on global attitudes towards entertainment, I will estimate the distribution of responses. Please note that the actual distribution may vary depending on the specific survey and population.

Assuming a normal distribution of responses, I will use the following estimates based on the survey results:

- 22% of respondents chose option 1 (The best)
- 31% chose option 2 (Above average)
- 31% chose option 3 (Average)
- 15% chose option 4 (Below average)
- 1% chose option 5 (The worst)

Here is the estimated distribution in JSON format:

```json
{
  ""distribution"": [
    0.22,  // 22% chose option 1 (The best)
    0.31,  // 31% chose option 2 (Above average)
    0.31,  // 31% chose option 3 (Average)
    0.15,  // 15% chose option 4 (Below average)
    0.01   // 1% chose option 5 (The worst)
  ]
}
```

Keep in mind that these estimates are based on a single survey and may not reflect the actual distribution of responses in the general population.",0.1812286158631415,percent_fallback_regen
IMPREASONGUN_W26,llama31-instruct,"[0.5009416195856874, 0.263653483992467, 0.14500941619585686, 0.04519774011299435, 0.04519774011299435]",100,"[0.96, 0.01, 0.02, 0.01, 0.0]",0.4590583804143126,98,"[0.8469387755102041, 0.04081632653061224, 0.030612244897959183, 0.030612244897959183, 0.05102040816326531]",0.3518198239747877,"Please note that I'll be providing a hypothetical estimate based on general trends and available data. The actual distribution may vary based on the specific survey and population.

According to a Pew Research Center survey conducted in 2019, the distribution of responses to the question ""Which of the following is the most important reason why you own a gun?"" among U.S. adults is as follows:

- For protection: 43%
- For hunting: 24%
- For sport shooting, including target shooting and trap and skeet: 12%
- As part of a gun collection: 10%
- For my job: 11%

Based on these numbers, the estimated distribution of responses is:

```json
{
  ""distribution"": [
    0.43,  // For protection
    0.24,  // For hunting
    0.12,  // For sport shooting, including target shooting and trap and skeet
    0.10,  // As part of a gun collection
    0.11   // For my job
  ]
}
```",0.1196045197740112,percent_fallback_regen
INDUSTRY_W27,llama31-instruct,"[0.1035958904109589, 0.2568493150684932, 0.19006849315068494, 0.12756849315068494, 0.3219178082191781]",95,"[0.10526315789473684, 0.25263157894736843, 0.22105263157894736, 0.14736842105263157, 0.2736842105263158]",0.052451333813987,97,"[0.16494845360824742, 0.20618556701030927, 0.16494845360824742, 0.2268041237113402, 0.23711340206185566]",0.1605881937579438,"Estimating the distribution of responses to a Pew survey item requires historical data from the Pew Research Center. Based on available data from 2020, here's an estimate of the distribution of responses to the given survey item:

According to the Pew Research Center's 2020 survey, the distribution of U.S. adults by industry or field is as follows:

- Hospitality or service: 24.4%
- Health care: 12.2%
- Manufacturing, mining, or construction: 9.3%
- Retail: 10.2%
- Education: 14.5%

Here's the estimated distribution in JSON format:

```json
{
  ""distribution"": [
    0.244,  // Hospitality or service (24.4%)
    0.122,  // Health care (12.2%)
    0.093,  // Manufacturing, mining, or construction (9.3%)
    0.102,  // Retail (10.2%)
    0.145  // Education (14.5%)
  ]
}
```

Please note that these figures are estimates based on available data and may have changed since 2020.",0.2589206022740502,percent_fallback_regen
INTRMAR_W41,llama31-instruct,"[0.03588516746411483, 0.0773524720893142, 0.3975279106858054, 0.19497607655502391, 0.2942583732057416]",100,"[0.0, 0.0, 0.07, 0.81, 0.12]",0.6150239234449761,100,"[0.05, 0.02, 0.08, 0.61, 0.24]",0.4291387559808612,"Based on the Pew Research Center's 2019 survey on interracial marriage, here's an estimated distribution of responses:

```json
{
  ""distribution"": [
    0.05,  // 1. A very bad thing
    0.15,  // 2. A somewhat bad thing
    0.40,  // 3. Neither a good nor bad thing
    0.30,  // 4. A somewhat good thing
    0.10   // 5. A very good thing
  ]
}
```

This distribution is based on the following assumptions:

- A very small percentage (5%) of respondents might view interracial marriage as a very bad thing, as some people may hold strong negative views on the topic.
- A slightly larger percentage (15%) might view it as a somewhat bad thing, reflecting a more nuanced but still negative perspective.
- The majority (40%) might see it as neither a good nor bad thing, indicating a neutral or indifferent stance.
- A significant percentage (30%) might view it as a somewhat good thing, reflecting a positive but not extremely optimistic view.
- A small percentage (10%) might view it as a very good thing, indicating a strong positive view on the impact of interracial marriage on society.

Please note that these estimates are based on general assumptions and may not reflect the actual results of a specific Pew survey.",0.1942583732057416,percent_fallback_regen
LEGALIMMIGAMT_W92,llama31-instruct,"[0.12687312687312688, 0.12517482517482517, 0.44755244755244755, 0.189010989010989, 0.11138861138861139]",100,"[0.05, 0.17, 0.31, 0.44, 0.03]",0.2958141858141858,100,"[0.17, 0.1, 0.15, 0.45, 0.13]",0.3227272727272727,"Estimating the distribution of responses to a survey item without actual data is challenging, but I can provide a hypothetical example based on general trends and available data. Keep in mind that this is a simplified representation and actual results may vary.

According to a Pew Research Center survey conducted in 2020, the distribution of responses to a similar question was:

- Decrease a lot: 14%
- Decrease a little: 24%
- Stay about the same: 43%
- Increase a little: 14%
- Increase a lot: 5%

Based on this data, here's a hypothetical JSON object representing the distribution of responses:

```json
{
  ""distribution"": [
    0.14,  // Decrease a lot
    0.24,  // Decrease a little
    0.43,  // Stay about the same
    0.14,  // Increase a little
    0.05   // Increase a lot
  ]
}
```

Please note that this is a hypothetical representation and actual results may vary based on the specific survey, population, and time frame.",0.1279520479520479,percent_fallback_regen
MADEUPSMCLICK_W45,llama31-instruct,"[0.049187527448397016, 0.26570048309178745, 0.3708827404479578, 0.22112428634167763, 0.09310496267018006]",100,"[0.01, 0.13, 0.76, 0.1, 0.0]",0.3891172595520422,100,"[0.07, 0.18, 0.48, 0.16, 0.11]",0.1468247694334651,"Based on a Pew Research Center survey conducted in 2020, here's an estimated distribution of responses to the given survey item across a representative sample of U.S. adults:

```json
{
  ""distribution"": [
    0.12,  // Often
    0.25,  // Sometimes
    0.31,  // Hardly ever
    0.24,  // Never
    0.08   // I don't see these types of stories on social media
  ]
}
```

This distribution is based on the following data from the Pew Research Center survey:

- 12% of respondents said they often click on made-up news stories.
- 25% said they sometimes click on made-up news stories.
- 31% said they hardly ever click on made-up news stories.
- 24% said they never click on made-up news stories.
- 8% said they don't see these types of stories on social media.

Please note that these figures are estimates based on a single survey and may not reflect the current distribution of responses.",0.0896881862099253,percent_fallback_regen
MARRDUR_W50,llama31-instruct,"[0.053864168618266976, 0.10577673692427791, 0.11982825917252146, 0.25604996096799376, 0.4644808743169399]",99,"[0.0, 0.030303030303030304, 0.09090909090909091, 0.6363636363636364, 0.24242424242424243]",0.3803136753956426,98,"[0.061224489795918366, 0.07142857142857142, 0.10204081632653061, 0.4387755102040816, 0.32653061224489793]",0.1900858704137392,"Estimating the distribution of responses to the Pew survey item is a complex task that requires access to actual survey data. However, I can provide a hypothetical distribution based on general marriage trends in the United States.

According to the American Community Survey (ACS) 2019 estimates, the median length of marriage in the United States is around 8.2 years. Based on this information, we can create a hypothetical distribution of responses.

Assuming a normal distribution of marriage lengths, we can estimate the distribution of responses as follows:

- Less than one year: 10% (a small percentage of marriages end in divorce or separation within the first year)
- 1 year to less than 3 years: 20% (a significant percentage of marriages end in divorce or separation within the first few years)
- 3 years to less than 5 years: 25% (a moderate percentage of marriages end in divorce or separation within the first 5 years)
- 5 years to less than 10 years: 30% (a larger percentage of marriages last for 5-10 years)
- 10 years to less than 20 years: 15% (a smaller percentage of marriages last for 10-20 years)

Here is the JSON object representing the estimated distribution:

```json
{
  ""distribution"": [
    0.1,  // Less than one year
    0.2,  // 1 year to less than 3 years
    0.25, // 3 years to less than 5 years
    0.3,  // 5 years to less than 10 years
    0.15  // 10 years to less than 20 years",0.3144808743169399,percent_fallback_regen
NEIGHINTERA_W32,llama31-instruct,"[0.0592899621553433, 0.22454496305640656, 0.2760857812218418, 0.22868985402775274, 0.2113894395386556]",100,"[0.0, 0.05, 0.69, 0.24, 0.02]",0.4252243647504054,100,"[0.05, 0.05, 0.39, 0.36, 0.15]",0.2452243647504054,"Please note that the actual distribution of responses may vary based on the specific survey and population. However, I can provide an estimate based on a general understanding of social trends and previous surveys.

According to a Pew Research Center survey conducted in 2020, here's an estimated distribution of responses:

- Every day: 12% of U.S. adults
- Several times a week: 25%
- About once a week: 30%
- About once a month: 20%
- Less than once a month: 13%

Here's the JSON object representing this distribution:

```json
{
  ""distribution"": [
    0.12,  // Every day
    0.25,  // Several times a week
    0.30,  // About once a week
    0.20,  // About once a month
    0.13   // Less than once a month
  ]
}
```",0.1100792935664083,percent_fallback_regen
NEIGHINTERB_W32,llama31-instruct,"[0.031287970838396115, 0.11786148238153099, 0.1743620899149453, 0.1852976913730255, 0.49119076549210205]",100,"[0.0, 0.08, 0.57, 0.27, 0.08]",0.4803402187120291,100,"[0.03, 0.07, 0.49, 0.31, 0.1]",0.4403402187120291,"Estimating the distribution of responses to a survey item can be a complex task that requires access to actual survey data. However, based on general trends and available data, I can provide a hypothetical estimate of the distribution of responses to the given survey item.

According to a Pew Research Center survey conducted in 2020, the distribution of responses to a similar question about talking to neighbors is as follows:

- 12% of respondents said they talk to their neighbors every day
- 24% said they talk to their neighbors several times a week
- 31% said they talk to their neighbors about once a week
- 21% said they talk to their neighbors about once a month
- 12% said they talk to their neighbors less than once a month

Here's a JSON object representing the estimated distribution of responses:

```json
{
  ""distribution"": [
    0.12,  // 12% of respondents talk to their neighbors every day
    0.24,  // 24% of respondents talk to their neighbors several times a week
    0.31,  // 31% of respondents talk to their neighbors about once a week
    0.21,  // 21% of respondents talk to their neighbors about once a month
    0.12   // 12% of respondents talk to their neighbors less than once a month
  ]
}
```

Please note that this is a hypothetical estimate based on general trends and may not reflect the actual distribution of responses in a specific survey.",0.371190765492102,percent_fallback_regen
NEIGHINTERC_W32,llama31-instruct,"[0.03961703532518983, 0.15516672169032683, 0.1868603499504787, 0.20964014526246286, 0.40871574777154174]",100,"[0.0, 0.08, 0.51, 0.32, 0.09]",0.4334995047870584,100,"[0.01, 0.14, 0.41, 0.3, 0.14]",0.3134995047870584,"Estimating the distribution of responses to a survey item requires historical data from the Pew Research Center. However, I can provide a hypothetical distribution based on general trends and available data. Keep in mind that this is an estimate and actual results may vary.

According to a 2020 survey by the Pew Research Center, about 44% of adults in the United States reported exchanging emails or text messages with their neighbors at least several times a week. About 31% reported doing so about once a week, 15% about once a month, and 10% less than once a month. The remaining 1% reported doing so every day.

Here's a JSON object representing the estimated distribution:

```json
{
  ""distribution"": [
    0.01,  // 1. Every day
    0.44,  // 2. Several times a week
    0.31,  // 3. About once a week
    0.15,  // 4. About once a month
    0.09   // 5. Less than once a month
  ]
}
```

Note that the probabilities sum to 1.0 (0.01 + 0.44 + 0.31 + 0.15 + 0.09 = 1.0).",0.5477905004102259,percent_fallback_regen
NEIGHINTERD_W32,llama31-instruct,"[0.007345225603357817, 0.026232948583420776, 0.07904861839804127, 0.18607904861839805, 0.7012941587967821]",100,"[0.0, 0.02, 0.09, 0.77, 0.12]",0.5948723329835607,99,"[0.0, 0.030303030303030304, 0.1414141414141414, 0.5959595959595959, 0.23232323232323232]",0.4763161520769076,"Estimating the distribution of responses to a survey item can be a complex task that requires access to actual survey data. However, based on general trends and available data, I can provide a hypothetical estimate of the distribution of responses to the given survey item.

According to a Pew Research Center survey conducted in 2019, the distribution of responses to a similar question about socializing with neighbors is as follows:

- 4% of respondents said they have parties or get-togethers with their neighbors every day.
- 12% said they have them several times a week.
- 24% said they have them about once a week.
- 34% said they have them about once a month.
- 26% said they have them less than once a month.

Here's a JSON object representing this distribution:

```json
{
  ""distribution"": [
    0.04,  // 4% of respondents have parties or get-togethers with their neighbors every day
    0.12,  // 12% of respondents have parties or get-togethers with their neighbors several times a week
    0.24,  // 24% of respondents have parties or get-togethers with their neighbors about once a week
    0.34,  // 34% of respondents have parties or get-togethers with their neighbors about once a month
    0.26   // 26% of respondents have parties or get-togethers with their neighbors less than once a month
  ]
}
```

Please note that this is a hypothetical estimate based on general trends and may not reflect the actual distribution of responses in a specific survey.",0.4412941587967821,percent_fallback_regen
NEIGHSAMEA_W32,llama31-instruct,"[0.18164251207729468, 0.46618357487922707, 0.1497584541062802, 0.15475040257648953, 0.04766505636070854]",99,"[0.020202020202020204, 0.13131313131313133, 0.45454545454545453, 0.3838383838383838, 0.010101010101010102]",0.5338749817010686,99,"[0.12121212121212122, 0.20202020202020202, 0.29292929292929293, 0.35353535353535354, 0.030303030303030304]",0.3419557897818767,"Estimating the distribution of responses to a survey question can be a complex task, as it depends on various factors such as the population demographics, geographic location, and other socio-economic factors. However, based on the available data from the Pew Research Center, we can make an educated estimate.

According to a 2020 survey by the Pew Research Center, the distribution of responses to the question ""As far as you know, how many of your neighbors are the same race or ethnicity as you?"" is as follows:

- 1. All of them: 14%
- 2. Most of them: 24%
- 3. About half: 31%
- 4. Only some of them: 24%
- 5. None of them: 7%

Here's a JSON object representing the estimated distribution:

```json
{
  ""distribution"": [
    0.14,  // 14% of respondents chose option 1
    0.24,  // 24% of respondents chose option 2
    0.31,  // 31% of respondents chose option 3
    0.24,  // 24% of respondents chose option 4
    0.07   // 7% of respondents chose option 5
  ]
}
```

Please note that these estimates are based on a specific survey and may not reflect the current distribution of responses.",0.2678260869565217,percent_fallback_regen
NEIGHSAMEB_W32,llama31-instruct,"[0.07869918699186992, 0.4943089430894309, 0.19528455284552845, 0.19203252032520327, 0.03967479674796748]",99,"[0.0, 0.15151515151515152, 0.48484848484848486, 0.35353535353535354, 0.010101010101010102]",0.4510667652131067,99,"[0.06060606060606061, 0.10101010101010101, 0.32323232323232326, 0.46464646464646464, 0.050505050505050504]",0.4113919684651392,"Estimating the distribution of responses to a survey item can be a complex task, as it depends on various factors such as the population being surveyed, the survey design, and the data collection method. However, based on general trends and available data, I can provide a hypothetical estimate of the distribution of responses to the given survey item.

According to a Pew Research Center survey conducted in 2019, which asked a similar question about social class, the distribution of responses was as follows:

- 1. All of them: 14%
- 2. Most of them: 24%
- 3. About half: 31%
- 4. Only some of them: 24%
- 5. None of them: 7%

Based on this data, I will estimate the distribution of responses to the given survey item as follows:

```json
{
  ""distribution"": [
    0.14,  // 14% of respondents chose option 1
    0.24,  // 24% of respondents chose option 2
    0.31,  // 31% of respondents chose option 3
    0.24,  // 24% of respondents chose option 4
    0.07   // 7% of respondents chose option 5
  ]
}
```

Please note that this is a hypothetical estimate and actual results may vary depending on the specific survey and population being studied.",0.2543089430894309,percent_fallback_regen
NEIGHSAMEC_W32,llama31-instruct,"[0.015538847117794486, 0.2509607351712615, 0.3263157894736842, 0.3284878863826232, 0.0786967418546366]",99,"[0.0, 0.020202020202020204, 0.16161616161616163, 0.7878787878787878, 0.030303030303030304]",0.4593909014961646,99,"[0.050505050505050504, 0.050505050505050504, 0.24242424242424243, 0.5050505050505051, 0.15151515151515152]",0.2843472317156528,"Estimating the distribution of responses to a survey question like this can be a complex task, as it depends on various factors such as the population being surveyed, the survey design, and the data collection method. However, based on general trends and available data, I can provide a hypothetical estimate of the distribution of responses.

According to a Pew Research Center survey conducted in 2020, about 34% of Americans say most or all of their neighbors share their views on politics, while 44% say none of their neighbors share their views. Another 22% say about half share their views.

Here's a hypothetical estimate of the distribution of responses based on these numbers:

```json
{
  ""distribution"": [
    0.22,  // 22% of respondents say about half of their neighbors share their views
    0.34,  // 34% of respondents say most or all of their neighbors share their views
    0.22,  // 22% of respondents say only some of their neighbors share their views
    0.16,  // 16% of respondents say none of their neighbors share their views
    0.06   // 6% of respondents say all of their neighbors share their views (this option is less likely, but included for completeness)
  ]
}
```

Please note that this is a hypothetical estimate and actual numbers may vary depending on the specific survey and population being studied.",0.3727523938050254,percent_fallback_regen
NEWSPREFV2_W45,llama31-instruct,"[0.08992628992628993, 0.08746928746928746, 0.4018018018018018, 0.104995904995905, 0.3158067158067158]",100,"[0.02, 0.0, 0.07, 0.02, 0.89]",0.5741932841932842,100,"[0.11, 0.03, 0.26, 0.1, 0.5]",0.2042669942669942,"Estimating the distribution of responses to a Pew survey item requires historical data from the Pew Research Center. Based on their 2020 survey on news consumption habits in the United States, here's a possible distribution of responses:

According to the survey, the distribution of responses is as follows:

- 24% of respondents prefer a print newspaper
- 14% prefer radio
- 44% prefer television
- 21% prefer a social media site
- 17% prefer a news website or app

Here's a JSON object representing this distribution:

```json
{
  ""distribution"": [
    0.24,  // 24% of respondents prefer a print newspaper
    0.14,  // 14% of respondents prefer radio
    0.44,  // 44% of respondents prefer television
    0.21,  // 21% of respondents prefer a social media site
    0.17   // 17% of respondents prefer a news website or app
  ]
}
```

Please note that this distribution is based on a specific survey and may not reflect the current or future distribution of responses.",0.2092751842751843,percent_fallback_regen
ORIENTATIONMOD_W50,llama31-instruct,"[0.029216467463479414, 0.9098988660741649, 0.034528552456839307, 0.013178057002758198, 0.013178057002758198]",100,"[0.0, 1.0, 0.0, 0.0, 0.0]",0.0901011339258351,100,"[0.02, 0.96, 0.0, 0.02, 0.0]",0.0569230769230768,"Based on the 2020 General Social Survey (GSS) data, which is a well-established and widely used source for social attitudes in the United States, we can estimate the distribution of responses to the given survey item.

According to the GSS, the distribution of responses to the question ""Do you think of yourself as...?"" is as follows:

- Gay or lesbian: 3.5%
- Straight, that is, not gay or lesbian: 94.4%
- Bisexual: 1.7%
- Something else: 0.3%
- I don't know the answer: 0.1%

Here's the estimated distribution in JSON format:

```json
{
  ""distribution"": [
    0.035,  // 3.5% or 3.5/100
    0.944,  // 94.4% or 94.4/100
    0.017,  // 1.7% or 1.7/100
    0.003,  // 0.3% or 0.3/100
    0.001  // 0.1% or 0.1/100
  ]
}
```

Please note that these figures are based on the 2020 GSS data and may have changed slightly since then.",0.0398846664623557,percent_fallback_regen
PP1_W49,llama31-instruct,"[0.020666979802724285, 0.1592296852982621, 0.23790511977454204, 0.3233912635039925, 0.2588069516204791]",99,"[0.04040404040404041, 0.10101010101010101, 0.35353535353535354, 0.3838383838383838, 0.12121212121212122]",0.1958144146965189,99,"[0.09090909090909091, 0.12121212121212122, 0.3434343434343434, 0.35353535353535354, 0.09090909090909091]",0.205915424797529,"I'll provide an estimate based on a hypothetical survey. Please note that actual results may vary based on real-world data.

Assuming a representative sample of U.S. adults, here's a possible distribution of responses:

- **Never**: 25% (about 1 in 4 people rarely or never agree to terms and conditions)
- **Less frequently**: 30% (about 3 in 10 people agree occasionally, but not frequently)
- **About once a month**: 20% (about 2 in 10 people agree to terms and conditions once a month)
- **About once a week**: 15% (about 1 in 7 people agree to terms and conditions once a week)
- **Almost daily**: 10% (about 1 in 10 people agree to terms and conditions almost daily)

Here's the JSON object representing this distribution:

```json
{
  ""distribution"": [
    0.25,  // Never
    0.30,  // Less frequently
    0.20,  // About once a month
    0.15,  // About once a week
    0.10   // Almost daily
  ]
}
```

This distribution is an estimate and may not reflect actual survey results.",0.3701033348990136,percent_fallback_regen
PWMAN2_W49,llama31-instruct,"[0.3829169087739686, 0.1167925624636839, 0.368390470656595, 0.031958163858221963, 0.0999418942475305]",98,"[0.09183673469387756, 0.2653061224489796, 0.2653061224489796, 0.14285714285714285, 0.23469387755102042]",0.3941645222877065,99,"[0.1414141414141414, 0.20202020202020202, 0.1717171717171717, 0.16161616161616163, 0.32323232323232326]",0.4381760662992505,"Based on the 2020 Pew Research Center survey on online security, here's an estimated distribution of responses to the given survey item:

- 12% of respondents chose option 1: ""Don't know what that is""
- 24% chose option 2: ""My passwords are secure enough""
- 44% chose option 3: ""Don't need it""
- 15% chose option 4: ""Too expensive""
- 5% chose option 5: ""Too complicated""

Here's the JSON object repre",0.3128588030214991,percent_fallback_cached
RACESURV18a_W43,llama31-instruct,"[0.06681852695520121, 0.4510250569476082, 0.29916476841306, 0.05907365223993925, 0.12391799544419134]",100,"[0.0, 0.02, 0.96, 0.02, 0.0]",0.6608352315869399,100,"[0.19, 0.14, 0.38, 0.09, 0.2]",0.3110250569476082,"Estimating the distribution of responses to a survey item without actual data is a complex task, as it requires knowledge of the specific survey and population being studied. However, I can provide a hypothetical example based on general trends and available data.

According to a Pew Research Center survey conducted in 2020, when asked about how well different racial and ethnic groups get along with each other in the U.S., the responses were:

- Whites and Hispanics: 44% said ""pretty well,"" 31% said ""not too well,"" 15% said ""not at all well,"" 6% said ""very well,"" and 4% said ""not sure.""

Based on these numbers, here's a hypothetical JSON object representing the distribution of responses:

```json
{
  ""distribution"": [
    0.06,  // 6% said ""very well""
    0.31,  // 31% said ""pretty well""
    0.44,  // 44% said ""pretty well"" (assuming this is the most common response)
    0.15,  // 15% said ""not too well""
    0.04   // 4% said ""not sure""
  ]
}
```

Please note that these numbers are hypothetical and based on a single survey from 2020. The actual distribution may have changed since then, and the actual numbers may vary depending on the specific survey and population being studied.",0.3741078208048595,percent_fallback_regen
RACESURV18b_W43,llama31-instruct,"[0.09291362530413626, 0.4431265206812652, 0.20027372262773724, 0.0364963503649635, 0.2271897810218978]",100,"[0.0, 0.02, 0.94, 0.04, 0.0]",0.7432299270072991,100,"[0.15, 0.12, 0.5, 0.07, 0.16]",0.390316301703163,"Estimating the distribution of responses to a survey item without actual data is a complex task, as it requires knowledge of the specific survey and population being studied. However, I can provide a hypothetical example based on general trends and available data.

According to a Pew Research Center survey conducted in 2020, when asked about how well different racial and ethnic groups get along with each other in the U.S., the responses were:

- 44% said ""pretty well""
- 31% said ""not too well""
- 15% said ""not at all well""
- 6% said ""very well""
- 4% said ""not sure""

Based on these numbers, here's a hypothetical JSON object representing the distribution of responses:

```json
{
  ""distribution"": [
    0.06,  // 6% said ""very well""
    0.31,  // 31% said ""pretty well""
    0.44,  // 44% said ""pretty well"" (assuming this is the most common response)
    0.15,  // 15% said ""not too well""
    0.04   // 4% said ""not sure""
  ]
}
```

Please note that these numbers are hypothetical and based on a single survey from 2020. The actual distribution may have changed since then, and the actual numbers may vary depending on the specific survey and population being studied.",0.3705900243309002,percent_fallback_regen
RACESURV18c_W43,llama31-instruct,"[0.0425402613187481, 0.39668793679732606, 0.38726830750531754, 0.09693102400486174, 0.07657247037374658]",100,"[0.0, 0.01, 0.96, 0.03, 0.0]",0.5727316924946824,100,"[0.24, 0.04, 0.51, 0.09, 0.12]",0.3636189608021877,"Estimating the distribution of responses to a survey item without actual data is a complex task, as it requires knowledge of the specific survey and population being studied. However, I can provide a hypothetical example based on general trends and available data.

According to a Pew Research Center survey conducted in 2020, when asked about how well different racial and ethnic groups get along with each other in the U.S., the responses were:

- 44% said ""pretty well""
- 31% said ""not too well""
- 15% said ""not at all well""
- 6% said ""very well""
- 4% said ""not sure""

Based on these numbers, here's a hypothetical JSON object representing the distribution of responses:

```json
{
  ""distribution"": [
    0.06,  // 6% said ""very well""
    0.31,  // 31% said ""pretty well""
    0.44,  // 44% said ""not too well""
    0.15,  // 15% said ""not at all well""
    0.04   // 4% said ""not sure""
  ]
}
```

Please note that these numbers are hypothetical and based on a single survey from 2020. The actual distribution may have changed since then, and the actual numbers may vary depending on the specific survey and population being studied.",0.3974597386812519,percent_fallback_regen
RACESURV18d_W43,llama31-instruct,"[0.14900410521514368, 0.5663676448228676, 0.09578835335259236, 0.014900410521514367, 0.173939486087882]",100,"[0.04, 0.49, 0.46, 0.01, 0.0]",0.3642116466474077,100,"[0.21, 0.4, 0.29, 0.05, 0.05]",0.2903071309107495,"Estimating the distribution of responses to a survey item without actual data is a complex task, as it requires knowledge of the specific survey and population being studied. However, I can provide a hypothetical example based on general trends and available data.

According to a Pew Research Center survey conducted in 2020, when asked about how well different racial and ethnic groups get along with each other in the U.S., the responses were:

- Whites and Asians: 44% said ""very well"" or ""pretty well,"" 31% said ""not too well,"" 16% said ""not at all well,"" and 9% said ""not sure.""

Based on these numbers, we can estimate the distribution of responses as follows:

```json
{
  ""distribution"": [
    0.44,  // 44% of respondents said ""very well""
    0.31,  // 31% of respondents said ""pretty well""
    0.16,  // 16% of respondents said ""not too well""
    0.09,  // 9% of respondents said ""not at all well""
    0.00  // 0% of respondents said ""not sure"" (assuming no respondents chose this option)
  ]
}
```

However, since the ""not sure"" option was not explicitly excluded, we should include it in the distribution. Assuming the remaining percentage points are distributed among the ""not sure"" option, we can adjust the distribution as follows:

```json
{
  ""distribution"": [
    0.44,  // 44% of respondents said ""very well""
    0.31,  // 31% of respondents said ""pretty well""
   ",0.3510898670450898,percent_fallback_regen
RACESURV18e_W43,llama31-instruct,"[0.05360668185269552, 0.352619589977221, 0.21305998481397115, 0.03826879271070615, 0.3424449506454062]",100,"[0.0, 0.13, 0.85, 0.02, 0.0]",0.6369400151860288,100,"[0.2, 0.15, 0.37, 0.13, 0.15]",0.3950645406226272,"Estimating the distribution of responses to a survey item without actual data is a complex task, as it requires knowledge of the specific survey and population being studied. However, I can provide a hypothetical example based on general trends and available data.

According to a Pew Research Center survey conducted in 2020, when asked about how well different racial and ethnic groups get along with each other in the U.S., the responses were:

- 44% said ""pretty well"" or ""very well"" for Blacks and Asians.
- 31% said ""not too well.""
- 15% said ""not at all well.""
- 10% said ""not sure.""

Based on these numbers, here's a hypothetical distribution of responses for the given survey item:

```json
{
  ""distribution"": [
    0.31,  // Not too well
    0.44,  // Pretty well
    0.15,  // Not at all well
    0.05,  // Not sure
    0.05   // Very well
  ]
}
```

Please note that these numbers are hypothetical and based on a simplified example. The actual distribution may vary depending on the specific survey, population, and time frame.",,unparseable
RACESURV18f_W43,llama31-instruct,"[0.0670722433460076, 0.3767300380228137, 0.1314068441064639, 0.02053231939163498, 0.40425855513307984]",100,"[0.03, 0.22, 0.73, 0.02, 0.0]",0.5985931558935361,100,"[0.19, 0.13, 0.48, 0.07, 0.13]",0.5209885931558935,"Estimating the distribution of responses to a survey item without actual data is a complex task, as it requires knowledge of the population's attitudes and opinions. However, I can provide a hypothetical estimate based on general trends and available data.

According to a Pew Research Center survey conducted in 2020, here's a hypothetical estimate of the distribution of responses to the question:

- Very well: 15% (This option is chosen by a relatively small percentage of respondents, as many people tend to have nuanced views on racial relations.)
- Pretty well: 40% (This option is chosen by a significant percentage of respondents, as many people believe that different racial groups generally get along, but may have some issues.)
- Not too well: 30% (This option is chosen by a substantial percentage of respondents, as many people acknowledge that there are challenges in racial relations, but do not think they are insurmountable.)
- Not at all well: 10% (This option is chosen by a smaller percentage of respondents, as most people do not believe that racial relations are extremely poor.)
- Not sure: 5% (This option is chosen by a small percentage of respondents, as most people tend to have an opinion on racial relations.)

Here's the JSON object representing the estimated distribution:

```json
{
  ""distribution"": [
    0.15,  // 15% of respondents choose ""Very well""
    0.40,  // 40% of respondents choose ""Pretty well""
    0.30,  // 30% of respondents choose ""Not too well""
   ",0.3542585551330798,percent_fallback_regen
RACESURV2_W43,llama31-instruct,"[0.6171497584541062, 0.18115942028985507, 0.042270531400966184, 0.010869565217391304, 0.14855072463768115]",100,"[0.35, 0.6, 0.05, 0.0, 0.0]",0.4265700483091787,100,"[0.41, 0.47, 0.08, 0.03, 0.01]",0.3457004830917874,"Based on the Pew Research Center's 2020 survey on racial and ethnic diversity in the U.S., I'll estimate the distribution of responses to the given survey item. Please note that these estimates are based on the available data and might not reflect the current opinions of U.S. adults.

According to the Pew Research Center's survey, the distribution of responses to the question ""Overall, do you think the fact that the U.S. population is made up of people of many different races and ethnicities is..."" is as follows:

- Very good for the country: 44%
- Somewhat good for the country: 31%
- Neither good nor bad for the country: 15%
- Somewhat bad for the country: 6%
- Very bad for the country: 4%

Here's the estimated distribution in JSON format:

```json
{
  ""distribution"": [
    0.44,  // Very good for the country
    0.31,  // Somewhat good for the country
    0.15,  // Neither good nor bad for the country
    0.06,  // Somewhat bad for the country
    0.04   // Very bad for the country
  ]
}
```

These probabilities sum to 1.0, representing the entire distribution of responses.",0.2857004830917874,percent_fallback_regen
RACESURV34a_W43,llama31-instruct,"[0.12206644315757391, 0.21365437366656506, 0.16808899725693385, 0.06949100883876867, 0.4266991770801585]",92,"[0.08695652173913043, 0.20652173913043478, 0.3695652173913043, 0.06521739130434782, 0.2717391304347826]",0.2014762201343704,97,"[0.1958762886597938, 0.20618556701030927, 0.18556701030927836, 0.10309278350515463, 0.30927835051546393]",0.1248896332209503,"Estimating the distribution of responses to a Pew survey item requires making assumptions based on available data. I'll use data from a Pew Research Center survey conducted in 2020 to estimate the distribution. The survey asked a similar question about racial background and its impact on getting ahead.

According to the survey, the distribution of responses was:

- Helped a lot: 14%
- Helped a little: 24%
- Neither helped nor hurt: 43%
- Hurt a little: 14%
- Hurt a lot: 5%

Here's a JSON object representing the estimated distribution:

```json
{
  ""distribution"": [
    0.14,  // Helped a lot
    0.24,  // Helped a little
    0.43,  // Neither helped nor hurt
    0.14,  // Hurt a little
    0.05   // Hurt a lot
  ]
}
```

Please note that this is an estimate based on a single survey and may not reflect the actual distribution of responses in the current population.",0.3766991770801585,percent_fallback_regen
RACESURV34b_W43,llama31-instruct,"[0.1365571776155718, 0.2215632603406326, 0.21380778588807786, 0.06067518248175183, 0.36739659367396593]",98,"[0.05102040816326531, 0.19387755102040816, 0.4489795918367347, 0.05102040816326531, 0.25510204081632654]",0.2351718059486568,98,"[0.09183673469387756, 0.22448979591836735, 0.30612244897959184, 0.07142857142857142, 0.30612244897959184]",0.1059945876160683,"I'll provide an estimate based on a Pew Research Center survey conducted in 2020. The survey asked the question: ""Overall, how much has being a man or being a woman helped or hurt your ability to get ahead?""

According to the survey results, the distribution of responses is as follows:

- Helped a lot: 14%
- Helped a little: 24%
- Neither helped nor hurt: 44%
- Hurt a little: 13%
- Hurt a lot: 5%
",0.3173965936739659,percent_fallback_cached
RACESURV34c_W43,llama31-instruct,"[0.15776662102540698, 0.19078046554084893, 0.2031036056595162, 0.1597444089456869, 0.288604898828541]",99,"[0.10101010101010101, 0.40404040404040403, 0.35353535353535354, 0.1111111111111111, 0.030303030303030304]",0.3636916863753924,99,"[0.26262626262626265, 0.1919191919191919, 0.31313131313131315, 0.16161616161616163, 0.0707070707070707]",0.2178978281214703,"Based on the Pew Research Center's 2020 survey on the American family, I'll estimate the distribution of responses to the given survey item. The actual data may vary depending on the specific survey and year. However, for the sake of this example, I'll use the following estimated distribution based on the 2020 survey:

- 34% of respondents said their family's financial situation helped a lot
- 26% said it helped a little
- 21% said it hurt a little
- 14% said it hurt a lot
- 5% said it neither helped nor hurt

Here's the estimated distribution in JSON format:

```json
{
  ""distribution"": [
    0.34,  // 34% of respondents said their family's financial situation helped a lot
    0.26,  // 26% said it helped a little
    0.21,  // 21% said it hurt a little
    0.14,  // 14% said it hurt a lot
    0.05   // 5% said it neither helped nor hurt
  ]
}
```

Please note that these values are estimates based on the 2020 survey and may not reflect the actual distribution in the current year or in other surveys.",0.2583493077742279,percent_fallback_regen
RACESURV34d_W43,llama31-instruct,"[0.6381878990574643, 0.17862572210398298, 0.035421100638491944, 0.02508361204013378, 0.12268166615992702]",99,"[0.3939393939393939, 0.40404040404040403, 0.15151515151515152, 0.030303030303030304, 0.020202020202020204]",0.3467281510759772,100,"[0.37, 0.31, 0.17, 0.12, 0.03]",0.3608695652173913,"Based on the Pew Research Center's 2020 survey on the American workforce, I'll estimate the distribution of responses to the given survey item. Please note that the actual distribution may vary depending on the specific survey and population.

According to the Pew Research Center's 2020 survey, the distribution of responses to the question ""Overall, how much has how hard you've worked helped or hurt your ability to get ahead?"" is as follows:

- 44% of respondents chose ""Helped a lot""
- 24% chose ""Helped a little""
- 15% chose ""Hurt a little""
- 10% chose ""Hurt a lot""
- 7% chose ""Neither helped nor hurt""

Here's the estimated distribution in JSON format:

```json
{
  ""distribution"": [
    0.44,  // 44% of respondents chose ""Helped a lot""
    0.24,  // 24% of respondents chose ""Helped a little""
    0.15,  // 15% of respondents chose ""Hurt a little""
    0.10,  // 10% of respondents chose ""Hurt a lot""
    0.07   // 7% of respondents chose ""Neither helped nor hurt""
  ]
}
```

This distribution sums up to 1.0, representing the entire sample of U.S. adults.",0.2508695652173913,percent_fallback_regen
RACESURV34e_W43,llama31-instruct,"[0.25232221714633774, 0.3630272574996193, 0.05451499923861733, 0.02436424546977311, 0.3057712806456525]",99,"[0.050505050505050504, 0.5353535353535354, 0.32323232323232326, 0.020202020202020204, 0.0707070707070707]",0.441043601847622,99,"[0.13131313131313133, 0.32323232323232326, 0.21212121212121213, 0.1414141414141414, 0.1919191919191919]",0.274656108826963,"Please note that I'll be providing a hypothetical estimate based on general trends and available data. The actual distribution may vary based on the specific survey and population.

According to a Pew Research Center survey conducted in 2020, the distribution of responses to the question ""Overall, how much has the people you know helped or hurt your ability to get ahead?"" among U.S. adults is as follows:

- 34% of respondents chose option 1 (Helped a lot)
- 24% chose option 2 (Helped a little)
- 21% chose option 3 (Hurt a little)
- 14% chose option 4 (Hurt a lot)
- 7% chose option 5 (Neither helped nor hurt)

Here's the estimated distribution in JSON format:

```json
{
  ""distribution"": [
    0.34,  // 34% of respondents chose option 1
    0.24,  // 24% of respondents chose option 2
    0.21,  // 21% of respondents chose option 3
    0.14,  // 14% of respondents chose option 4
    0.07   // 7% of respondents chose option 5
  ]
}
```",0.3587985381452718,percent_fallback_regen
RACESURV40_W43,llama31-instruct,"[0.10984615384615384, 0.6496923076923077, 0.1453846153846154, 0.0, 0.09507692307692307]",99,"[0.0, 0.494949494949495, 0.5050505050505051, 0.0, 0.0]",0.3596658896658896,100,"[0.11, 0.57, 0.16, 0.08, 0.08]",0.0947692307692307,"Estimating the distribution of responses to a survey item can be a complex task that requires a deep understanding of the subject matter, the population being surveyed, and the survey question itself. However, I can provide a hypothetical estimate based on general trends and available data.

According to a 2020 Pew Research Center survey, 44% of Americans believe that most or all white people are prejudiced against black people, while 31% believe that some white people are prejudiced, and 21% believe that only a few are prejudiced. The remaining 4% are unsure.

Based on these numbers, we can estimate the distribution of responses to the survey item as follows:

```json
{
  ""distribution"": [
    0.44,  // 44% of respondents believe that all or most white people are prejudiced
    0.31,  // 31% of respondents believe that some white people are prejudiced
    0.21,  // 21% of respondents believe that only a few white people are prejudiced
    0.03,  // 3% of respondents believe that none are prejudiced (assuming this is a subset of the ""only a few"" category)
    0.01  // 1% of respondents are unsure (assuming this is a small percentage)
  ]
}
```

Note that these estimates are based on a single survey and may not reflect the current attitudes of the U.S. population. Additionally, the ""none"" category is assumed to be a subset of the ""only a few"" category, as it is unlikely that a significant percentage of respondents would believe that no white people are prejudiced.",0.4344145299145299,percent_fallback_regen
RACESURV41_W43,llama31-instruct,"[0.058936272160996644, 0.4266091678645584, 0.368471490177288, 0.0, 0.145983069797157]",99,"[0.0, 0.6868686868686869, 0.31313131313131315, 0.0, 0.0]",0.2602595190041284,99,"[0.1414141414141414, 0.41414141414141414, 0.21212121212121213, 0.13131313131313133, 0.10101010101010101]",0.2137910005662761,"Based on the Pew Research Center's 2020 survey on racial and ethnic diversity, I'll estimate the distribution of responses to the given survey item. Please note that these estimates are based on the available data and might not reflect the actual distribution in the current year.

According to the 2020 survey, the distribution of responses to the question ""How many white people in our country do you think would confront a white friend or family member if they made a racist or racially insensitive comment or joke about people who are black?"" is as follows:

- 1. All or most: 14%
- 2. Some: 34%
- 3. Only a few: 31%
- 4. None: 16%
- 5. Not sure: 5%

Here's the estimated distribution in JSON format:

```json
{
  ""distribution"": [
    0.14,  // 14% of respondents chose option 1
    0.34,  // 34% of respondents chose option 2
    0.31,  // 31% of respondents chose option 3
    0.16,  // 16% of respondents chose option 4
    0.05   // 5% of respondents chose option 5
  ]
}
```",0.2410637278390033,percent_fallback_regen
RACESURV44_W43,llama31-instruct,"[0.12837108953613807, 0.6045615657266142, 0.13807982740021574, 0.0, 0.1289875173370319]",97,"[0.010309278350515464, 0.16494845360824742, 0.7628865979381443, 0.030927835051546393, 0.030927835051546393]",0.655734605589475,98,"[0.1326530612244898, 0.25510204081632654, 0.35714285714285715, 0.15306122448979592, 0.10204081632653061]",0.3764062259207891,"Estimating the distribution of responses to a survey item can be a complex task that requires a deep understanding of the subject matter, the population being surveyed, and the survey question itself. However, I can provide a hypothetical estimate based on general trends and available data.

According to a 2020 Pew Research Center survey, 44% of Americans believe that most or all black people are prejudiced against white people, while 24% believe that some black people are prejudiced against white people. Only 12% believe that only a few black people are prejudiced against white people, and 14% are unsure. The remaining 6% believe that none are prejudiced against white people.

Based on these numbers, we can estimate the distribution of responses to the survey item as follows:

```json
{
  ""distribution"": [
    0.44,  // 44% of respondents believe that all or most black people are prejudiced against white people
    0.24,  // 24% of respondents believe that some black people are prejudiced against white people
    0.12,  // 12% of respondents believe that only a few black people are prejudiced against white people
    0.06,  // 6% of respondents believe that none are prejudiced against white people
    0.14   // 14% of respondents are unsure
  ]
}
```

Please note that these numbers are based on a specific survey and may not reflect the actual distribution of responses in a representative sample of U.S. adults.",0.4516289104638619,percent_fallback_regen
RACESURV45_W43,llama31-instruct,"[0.04443672973442111, 0.31921541399062664, 0.39802117687901406, 0.0, 0.2383266793959382]",99,"[0.020202020202020204, 0.6363636363636364, 0.2828282828282828, 0.04040404040404041, 0.020202020202020204]",0.3575522627770501,99,"[0.15151515151515152, 0.3838383838383838, 0.16161616161616163, 0.21212121212121213, 0.09090909090909091]",0.3838226037496997,"Based on the Pew Research Center's 2020 survey on racial and ethnic diversity, I'll estimate the distribution of responses to the given survey item. Please note that these estimates are based on the available data and might not reflect the actual distribution in the current year.

According to the 2020 survey, the distribution of responses to the question ""How many black people in our country do you think would confront a black friend or family member if they made a racist or racially insensitive comment or joke about people who are white?"" is as follows:

- 1. All or most: 14%
- 2. Some: 34%
- 3. Only a few: 31%
- 4. None: 16%
- 5. Not sure: 5%

Here's the estimated distribution in JSON format:

```json
{
  ""distribution"": [
    0.14,  // 14% of respondents chose option 1
    0.34,  // 34% of respondents chose option 2
    0.31,  // 31% of respondents chose option 3
    0.16,  // 16% of respondents chose option 4
    0.05   // 5% of respondents chose option 5
  ]
}
```",0.2763478562749523,percent_fallback_regen
RACESURV47a_W43,llama31-instruct,"[0.1975121359223301, 0.23270631067961164, 0.12408980582524272, 0.2503033980582524, 0.1953883495145631]",100,"[0.02, 0.06, 0.18, 0.71, 0.03]",0.5156067961165048,100,"[0.09, 0.11, 0.11, 0.63, 0.06]",0.3796966019417476,"Based on the Pew Research Center's 2020 survey on Native American mascots in sports, here's an estimated distribution of responses:

```json
{
  ""distribution"": [
    0.15,  // 15% of respondents think it is always acceptable
    0.25,  // 25% of respondents think it is sometimes acceptable
    0.30,  // 30% of respondents think it is rarely acceptable
    0.20,  // 20% of respondents think it is never acceptable
    0.10   // 10% of respondents are unsure
  ]
}
```

Please note that these estimates are based on a single survey and may not reflect the current opinions of U.S. adults.",0.1932038834951456,percent_fallback_regen
RACESURV47b_W43,llama31-instruct,"[0.12037598544572468, 0.20830806549423894, 0.14129775621588841, 0.4105518496058217, 0.11946634323832626]",94,"[0.0, 0.0, 0.0, 0.9787234042553191, 0.02127659574468085]",0.5681715546494975,88,"[0.011363636363636364, 0.0, 0.03409090909090909, 0.9204545454545454, 0.03409090909090909]",0.5099026958487237,"Please note that the actual distribution of responses may vary based on the specific survey and population. However, based on a general understanding of public opinion and previous surveys, here's an estimated distribution:

According to a 2020 Pew Research Center survey, about 1% of U.S. adults think it is always acceptable for a black person to use the n-word, 4% think it is sometimes acceptable, 6% think it is rarely acceptable, 83% think it is never acceptable, and 6% are unsure.

Here's the estimated distribution in JSON format:

```json
{
  ""distribution"": [
    0.01,  // 1% of respondents think it is always acceptable
    0.04,  // 4% of respondents think it is sometimes acceptable
    0.06,  // 6% of respondents think it is rarely acceptable
    0.83,  // 83% of respondents think it is never acceptable
    0.06   // 6% of respondents are unsure
  ]
}
```",0.4194481503941782,percent_fallback_regen
RACESURV47c_W43,llama31-instruct,"[0.02034001214329083, 0.05312689738919247, 0.11900425015179114, 0.7468123861566485, 0.06071645415907711]",96,"[0.0, 0.0, 0.0, 1.0, 0.0]",0.2531876138433515,92,"[0.021739130434782608, 0.010869565217391304, 0.03260869565217391, 0.9347826086956522, 0.0]",0.1893693408304955,"Please note that the actual distribution of responses may vary based on the specific survey and population. However, based on a general understanding of public opinion and previous surveys, here's an estimated distribution:

According to a 2020 Pew Research Center survey, about 1% of Americans believe that using the n-word is always acceptable, 4% think it's sometimes acceptable, 6% think it's rarely acceptable, 83% think it's never acceptable, and 6% are unsure.

Here's an estimated distribution in JSON format:

```json
{
  ""distribution"": [
    0.01,  // 1% of respondents think it's always acceptable
    0.04,  // 4% of respondents think it's sometimes acceptable
    0.06,  // 6% of respondents think it's rarely acceptable
    0.83,  // 83% of respondents think it's never acceptable
    0.06   // 6% of respondents are unsure
  ]
}
```

Keep in mind that this is an estimate and actual results may vary based on the specific survey and population.",0.0831876138433515,percent_fallback_regen
RACESURV47d_W43,llama31-instruct,"[0.1676829268292683, 0.33201219512195124, 0.20213414634146343, 0.17164634146341465, 0.12652439024390244]",59,"[0.9830508474576272, 0.0, 0.01694915254237288, 0.0, 0.0]",0.8153679206283588,87,"[0.3218390804597701, 0.3448275862068966, 0.11494252873563218, 0.08045977011494253, 0.13793103448275862]",0.1783781889543033,"Based on the Pew Research Center's 2020 survey on attitudes toward diversity in media, here's an estimated distribution of responses to the given question:

```json
{
  ""distribution"": [
    0.35,  // 35% of respondents think it is always acceptable
    0.35,  // 35% of respondents think it is sometimes acceptable
    0.15,  // 15% of respondents think it is rarely acceptable
    0.05,  // 5% of respondents think it is never acceptable
    0.10  // 10% of respondents are unsure
  ]
}
```

Please note that these estimates are based on a general understanding of the topic and may not reflect the actual results of a specific Pew survey. The Pew Research Center's surveys often have more nuanced and detailed results, but for the purpose of this exercise, these estimates are provided as a rough approximation.",0.2003048780487804,percent_fallback_regen
RACESURV47e_W43,llama31-instruct,"[0.22922374429223744, 0.3318112633181126, 0.14124809741248098, 0.16529680365296803, 0.1324200913242009]",99,"[0.15151515151515152, 0.5151515151515151, 0.2222222222222222, 0.06060606060606061, 0.050505050505050504]",0.2643143766431437,99,"[0.40404040404040403, 0.35353535353535354, 0.08080808080808081, 0.08080808080808081, 0.08080808080808081]",0.1965407499654075,"Based on the Pew Research Center's 2019 survey on cultural exchange and international relations, I'll estimate the distribution of responses to the given survey item. Please note that these estimates are based on the available data and might not reflect the current opinions of U.S. adults.

According to the survey, the distribution of responses to the question is as follows:

- 64% of respondents said it is always acceptable
- 24% said it is sometimes acceptable
- 6% said it is rarely acceptable
- 4% said it is never acceptable
- 2% said they are not sure

Here's the estimated distribution in JSON format:

```json
{
  ""distribution"": [
    0.64,  // 64% of respondents said it is always acceptable
    0.24,  // 24% of respondents said it is sometimes acceptable
    0.06,  // 6% of respondents said it is rarely acceptable
    0.04,  // 4% of respondents said it is never acceptable
    0.02   // 2% of respondents said they are not sure
  ]
}
```",0.4107762557077625,percent_fallback_regen
RACESURV47f_W43,llama31-instruct,"[0.11895345299665348, 0.18101612412534226, 0.1524186188013386, 0.43595984180103436, 0.11165196227563128]",100,"[0.05, 0.18, 0.35, 0.32, 0.1]",0.1975813811986613,99,"[0.15151515151515152, 0.26262626262626265, 0.16161616161616163, 0.31313131313131315, 0.1111111111111111]",0.1233693798342414,"Estimating the distribution of responses to a survey question can be a complex task, as it depends on various factors such as the population being surveyed, the survey design, and the time period in which the survey was conducted. However, based on available data from the Pew Research Center, I can provide a hypothetical estimate of the distribution of responses to the given survey item.

According to a 2019 Pew Research Center survey on racial and ethnic diversity, a question similar to the one provided was asked. The survey found that:

- 44% of Americans said it was acceptable for a white person to use makeup to darken their skin for a Halloween costume.
- 31% said it was sometimes acceptable.
- 15% said it was rarely acceptable.
- 6% said it was never acceptable.
- 4% said they were unsure.

Based on these findings, a hypothetical estimate of the distribution of responses to the given survey item across a representative sample of U.S. adults could be:

```json
{
  ""distribution"": [
    0.44,  // 44% of respondents said it was always acceptable
    0.31,  // 31% of respondents said it was sometimes acceptable
    0.15,  // 15% of respondents said it was rarely acceptable
    0.06,  // 6% of respondents said it was never acceptable
    0.04   // 4% of respondents said they were unsure
  ]
}
```

Please note that this is a hypothetical estimate based on a single survey from 2019 and may not reflect the current opinions of U.S. adults.",0.4500304228780042,percent_fallback_regen
RACESURV5a_W43,llama31-instruct,"[0.4633515815085158, 0.19114963503649635, 0.06265206812652069, 0.035583941605839414, 0.24726277372262773]",98,"[0.05102040816326531, 0.24489795918367346, 0.5306122448979592, 0.1326530612244898, 0.04081632653061224]",0.618777620537266,100,"[0.1, 0.14, 0.33, 0.33, 0.1]",0.5617639902676399,"Based on the Pew Research Center's 2020 survey on racial and ethnic diversity, I'll estimate the distribution of responses to the given survey item. Please note that the actual distribution may vary depending on the specific survey and population.

According to the Pew Research Center's 2020 survey, the distribution of responses to the question ""Overall, how does being white affect people's ability to get ahead in our country these days?"" is as follows:

- 22% of respondents said ""Helps a lot""
- 34% said ""Helps a little""
- 24% said ""Neither helps nor hurts""
- 14% said ""Hurts a little""
- 6% said ""Hurts a lot""

Here's the estimated distribution in JSON format:

```json
{
  ""distribution"": [
    0.22,  // Helps a lot
    0.34,  // Helps a little
    0.24,  // Neither helps nor hurts
    0.14,  // Hurts a little
    0.06   // Hurts a lot
  ]
}
```

This distribution sums up to 1.0, representing the total probability of all possible responses.",0.4306143552311435,percent_fallback_regen
RACESURV5b_W43,llama31-instruct,"[0.31236673773987206, 0.30414255254340544, 0.22738349070971672, 0.09016143770941212, 0.06594578129759367]",99,"[0.41414141414141414, 0.42424242424242425, 0.1111111111111111, 0.04040404040404041, 0.010101010101010102]",0.2218745481005609,98,"[0.5204081632653061, 0.29591836734693877, 0.05102040816326531, 0.09183673469387756, 0.04081632653061224]",0.2097167225098995,"I'll provide an estimate based on a Pew Research Center survey conducted in 2020. The survey found the following distribution of responses:

- 44% of respondents said being Black hurts a lot
- 24% said being Black hurts a little
- 24% said being Black neither helps nor hurts
- 6% said being Black helps a little
- 2% said being Black helps a lot

Here's the estimated distribution in JSON format:

`",0.1402497715504112,percent_fallback_cached
RACESURV5c_W43,llama31-instruct,"[0.05751673767498478, 0.11320754716981132, 0.3600121728545344, 0.19430919050517345, 0.27495435179549604]",97,"[0.030927835051546393, 0.08247422680412371, 0.7628865979381443, 0.07216494845360824, 0.05154639175257732]",0.4028744250836099,96,"[0.16666666666666666, 0.19791666666666666, 0.3645833333333333, 0.10416666666666667, 0.16666666666666666]",0.1984302089673361,"Based on the Pew Research Center's 2020 survey on the topic, here's an estimated distribution of responses:

```json
{
  ""distribution"": [
    0.23,  // Helps a lot
    0.31,  // Helps a little
    0.24,  // Hurts a little
    0.15,  // Hurts a lot
    0.07   // Neither helps nor hurts
  ]
}
```

Please note that these values are estimates based on the 2020 survey data and may not reflect the current opinions of U.S. adults. The actual distribution may have changed since then.

According to the 2020 survey, 23% of Hispanic adults in the United States believe that being Hispanic helps a lot in getting ahead, 31% believe it helps a little, 24% believe it hurts a little, 15% believe it hurts a lot, and 7% believe it has no impact.",0.3692757151552039,percent_fallback_regen
RACESURV5d_W43,llama31-instruct,"[0.09434537418076512, 0.27023319615912206, 0.1867093430879439, 0.03475080018289895, 0.41396128638926993]",94,"[0.06382978723404255, 0.2978723404255319, 0.3723404255319149, 0.031914893617021274, 0.23404255319148937]",0.2132702267103808,96,"[0.125, 0.21875, 0.2604166666666667, 0.08333333333333333, 0.3125]",0.152944482548392,"Based on the Pew Research Center's 2020 survey on the topic, here's an estimated distribution of responses:

```json
{
  ""distribution"": [
    0.23,  // Helps a lot
    0.31,  // Helps a little
    0.24,  // Hurts a little
    0.15,  // Hurts a lot
    0.07   // Neither helps nor hurts
  ]
}
```

Please note that these values are estimates based on the 2020 survey data and may not reflect the current opinions of U.S. adults. The actual distribution may have changed since then.

According to the 2020 survey, 23% of respondents said being Asian helps a lot, 31% said it helps a little, 24% said it hurts a little, 15% said it hurts a lot, and 7% said it neither helps nor hurts.",0.3439612863892699,percent_fallback_regen
RACESURV5e_W43,llama31-instruct,"[0.06453576864535769, 0.1512937595129376, 0.2447488584474886, 0.182648401826484, 0.3567732115677321]",99,"[0.0, 0.010101010101010102, 0.5555555555555556, 0.42424242424242425, 0.010101010101010102]",0.5524007195240073,100,"[0.06, 0.06, 0.45, 0.33, 0.1]",0.3526027397260274,"Based on the Pew Research Center's 2020 survey on the topic, here's an estimated distribution of responses:

```json
{
  ""distribution"": [
    0.12,  // 12% of respondents chose ""Helps a lot""
    0.23,  // 23% of respondents chose ""Helps a little""
    0.31,  // 31% of respondents chose ""Neither helps nor hurts""
    0.21,  // 21% of respondents chose ""Hurts a little""
    0.13  // 13% of respondents",0.2267732115677321,percent_fallback_cached
RACESURV5f_W43,llama31-instruct,"[0.10836385836385837, 0.1623931623931624, 0.17032967032967034, 0.04120879120879121, 0.5177045177045178]",93,"[0.043010752688172046, 0.15053763440860216, 0.45161290322580644, 0.043010752688172046, 0.3118279569892473]",0.2830851943755169,96,"[0.08333333333333333, 0.1875, 0.2604166666666667, 0.09375, 0.375]",0.1677350427350427,"Based on the Pew Research Center's 2020 survey on Jewish Americans, I'll estimate the distribution of responses to the given question. Please note that the actual distribution may vary depending on the specific survey and population.

According to the Pew Research Center's 2020 survey, the distribution of responses to the question ""Overall, how does being Jewish affect people's ability to get ahead in our country these days?"" is as follows:

- 44% of Jewish Americans say being Jewish helps a lot
- 26% say being Jewish helps a little
- 15% say being Jewish hurts a little
- 10% say being Jewish hurts a lot
- 5% say being Jewish neither helps nor hurts

Here's the estimated distribution in JSON format:

```json
{
  ""distribution"": [
    0.44,  // Helps a lot
    0.26,  // Helps a little
    0.15,  // Hurts a little
    0.10,  // Hurts a lot
    0.05   // Neither helps nor hurts
  ]
}
```

Keep in mind that these values are based on a specific survey and may not reflect the actual distribution in the general U.S. population.",0.4880341880341881,percent_fallback_regen
RACESURV5g_W43,llama31-instruct,"[0.030755176613885507, 0.04354445797807552, 0.321863580998782, 0.3447015834348356, 0.25913520097442144]",96,"[0.010416666666666666, 0.020833333333333332, 0.8541666666666666, 0.0625, 0.052083333333333336]",0.5323030856678846,97,"[0.13402061855670103, 0.13402061855670103, 0.3402061855670103, 0.15463917525773196, 0.23711340206185566]",0.2120842070896693,"Based on the Pew Research Center's 2020 survey on Muslim Americans, I'll estimate the distribution of responses to the given question. Please note that the actual distribution may vary depending on the specific survey and population.

According to the Pew Research Center's 2020 survey, the distribution of responses to the question ""Overall, how does being Muslim affect people's ability to get ahead in our country these days?"" is as follows:

- 44% of respondents chose option 5 (Neither helps nor hurts)
- 26% chose option 2 (Helps a little)
- 15% chose option 3 (Hurts a little)
- 10% chose option 1 (Helps a lot)
- 5% chose option 4 (Hurts a lot)

Here's the estimated distribution in JSON format:

```json
{
  ""distribution"": [
    0.05,  // 5% (Hurts a lot)
    0.15,  // 15% (Hurts a little)
    0.26,  // 26% (Helps a little)
    0.10,  // 10% (Helps a lot)
    0.44   // 44% (Neither helps nor hurts)
  ]
}
```",0.625700365408039,percent_fallback_regen
RACESURV5h_W43,llama31-instruct,"[0.12640877246420956, 0.19433445019798964, 0.10417301248857752, 0.0487359122753579, 0.5263478525738654]",99,"[0.030303030303030304, 0.10101010101010101, 0.7676767676767676, 0.08080808080808081, 0.020202020202020204]",0.695575923720913,99,"[0.18181818181818182, 0.15151515151515152, 0.3939393939393939, 0.1717171717171717, 0.10101010101010101]",0.4681570502466025,"Based on the Pew Research Center's 2020 survey on American Values Atlas, I'll estimate the distribution of responses to the given survey item. Please note that the actual distribution may vary depending on the specific survey and population.

According to the 2020 survey, the distribution of responses to the question ""Overall, how does being an evangelical Christian affect people's ability to get ahead in our country these days?"" is as follows:

- Helps a lot: 24%
- Helps a little: 34%
- Hurts a little: 22%
- Hurts a lot: 12%
- Neither helps nor hurts: 8%

Here's the estimated distribution in JSON format:

```json
{
  ""distribution"": [
    0.24,  // Helps a lot
    0.34,  // Helps a little
    0.22,  // Hurts a little
    0.12,  // Hurts a lot
    0.08   // Neither helps nor hurts
  ]
}
```

This distribution sums up to 1.0, representing the total probability of all possible responses.",0.4463478525738654,percent_fallback_regen
RACESURV5i_W43,llama31-instruct,"[0.4184634072274522, 0.26632250227755844, 0.06225326450045551, 0.02459763133920437, 0.22836319465532948]",99,"[0.04040404040404041, 0.12121212121212122, 0.7171717171717171, 0.09090909090909091, 0.030303030303030304]",0.7212299122411482,99,"[0.10101010101010101, 0.13131313131313133, 0.37373737373737376, 0.1717171717171717, 0.2222222222222222]",0.4586036496148856,"Based on the Pew Research Center's 2020 survey on the topic, I'll estimate the distribution of responses. Please note that the actual numbers may have changed since the survey was conducted.

According to the survey, the distribution of responses is as follows:

- Helps a lot: 22%
- Helps a little: 34%
- Hurts a little: 24%
- Hurts a lot: 14%
- Neither helps nor hurts: 6%

Here's the estimated dis",0.3668266018827816,percent_fallback_cached
RACESURV5j_W43,llama31-instruct,"[0.07145028884159318, 0.15171784737002128, 0.4262693827911219, 0.12161751292186075, 0.22894496807540285]",98,"[0.02040816326530612, 0.061224489795918366, 0.7857142857142857, 0.09183673469387756, 0.04081632653061224]",0.3594449029231638,100,"[0.13, 0.07, 0.44, 0.18, 0.18]",0.1306628154454241,"Based on the Pew Research Center's 2020 survey on the topic, I'll estimate the distribution of responses. Please note that the actual numbers may have changed since the survey was conducted.

According to the survey, the distribution of responses is as follows:

- Helps a lot: 34%
- Helps a little: 26%
- Hurts a little: 21%
- Hurts a lot: 14%
- Neither helps nor hurts: 5%

Here's the estimated dis",0.3952143508665248,percent_fallback_cached
RACESURV5k_W43,llama31-instruct,"[0.018793573810245528, 0.023340406183692028, 0.18945134889360413, 0.6877841770233404, 0.08063049408911792]",100,"[0.0, 0.0, 0.02, 0.98, 0.0]",0.2922158229766596,100,"[0.01, 0.0, 0.16, 0.82, 0.01]",0.1322158229766595,"Based on the Pew Research Center's 2020 survey on economic mobility, I'll estimate the distribution of responses to the given survey item. Please note that the actual distribution may vary depending on the specific survey and population.

According to the Pew Research Center's 2020 survey, the distribution of responses to the question ""Overall, how does being poor affect people's ability to get ahead in our country these days?"" is as follows:

- 22% of respondents chose option 1: Helps a lot
- 24% chose option 2: Helps a little
- 31% chose option 3: Hurts a little
- 20% chose option 4: Hurts a lot
- 3% chose option 5: Neither helps nor hurts

Here's the estimated distribution in JSON format:

```json
{
  ""distribution"": [
    0.22,  // Helps a lot
    0.24,  // Helps a little
    0.31,  // Hurts a little
    0.20,  // Hurts a lot
    0.03   // Neither helps nor hurts
  ]
}
```

This distribution sums up to 1.0, representing the total probability of all possible responses.",0.5384146711124583,percent_fallback_regen
RACESURV5l_W43,llama31-instruct,"[0.8072837632776935, 0.09408194233687406, 0.014871016691957511, 0.01881638846737481, 0.06494688922610015]",100,"[0.08, 0.29, 0.29, 0.33, 0.01]",0.7822306525037938,100,"[0.22, 0.22, 0.19, 0.3, 0.07]",0.5872837632776934,"Based on the Pew Research Center's 2020 survey on the American public and economic mobility, I'll estimate the distribution of responses to the given survey item. The survey found that:

- 34% of respondents said being wealthy helps a lot
- 31% said being wealthy helps a little
- 21% said being wealthy hurts a little
- 12% said being wealthy hurts a lot
- 2% said being wealthy neither helps nor hu",0.5122306525037936,percent_fallback_cached
RACESURV9_W43,llama31-instruct,"[0.12557271338876633, 0.4221958255557441, 0.12591209910062787, 0.02647208552519939, 0.2998472764296623]",100,"[0.01, 0.29, 0.63, 0.01, 0.06]",0.5040879008993722,99,"[0.0707070707070707, 0.2727272727272727, 0.40404040404040403, 0.04040404040404041, 0.21212121212121213]",0.2920602598186171,"I'll provide an estimate based on a Pew Research Center survey conducted in 2020. The survey asked a similar question, and the results are as follows:

- 64% of respondents said they mostly or always discuss race or race relations with people who are the same race as them.
- 21% said they mostly discuss it with people who are not the same race as them.
- 6% said they always discuss it with people who are not the same race as them.
- 4% said they discuss it about equally with people of the same and different races.
- 5% said they never discuss it.

Based on these results, I'll estimate the distribution of responses as follows:

```json
{
  ""distribution"": [
    0.64,  // 64% of respondents said they mostly or always discuss with people of the same race
    0.21,  // 21% said they mostly discuss with people of a different race
    0.06,  // 6% said they always discuss with people of a different race
    0.04,  // 4% said they discuss it about equally
    0.05   // 5% said they never discuss it
  ]
}
```

Note that the ""never discuss it"" option is not directly asked in the Pew survey, but it's a reasonable assumption based on the other options.",0.5279552010860343,percent_fallback_regen
RESTRICTWHO_W45,llama31-instruct,"[0.12199539018768521, 0.09614751399407309, 0.20217319723411262, 0.5393480408297662, 0.04033585775436286]",100,"[0.02, 0.12, 0.14, 0.72, 0.0]",0.2045044451761606,100,"[0.18, 0.14, 0.15, 0.52, 0.01]",0.1018570958182416,"Please note that I'll be providing a hypothetical estimate based on general trends and available data. The actual distribution may vary based on the specific survey and population.

According to a Pew Research Center survey conducted in 2020, the distribution of responses to the question ""Who do you think has the most responsibility to reduce the amount of made-up news and information?"" is as follows:

- 44% of respondents chose the news media
- 24% chose technology companies
- 15% chose the government
- 10% chose the public
- 7% chose ""none of these""

Based on these numbers, I'll estimate the distribution of responses as follows:

```json
{
  ""distribution"": [
    0.44,  // News media (44%)
    0.24,  // Technology companies (24%)
    0.15,  // Government (15%)
    0.10,  // Public (10%)
    0.07   // None of these (7%)
  ]
}
```

Please note that these numbers are estimates based on a single survey and may not reflect the current distribution of responses.",0.4915212380638789,percent_fallback_regen
ROMRELDUR_W50,llama31-instruct,"[0.12362030905077263, 0.11479028697571744, 0.16556291390728478, 0.39514348785871967, 0.20088300220750552]",98,"[0.02040816326530612, 0.1326530612244898, 0.20408163265306123, 0.5204081632653061, 0.12244897959183673]",0.1816461684011353,98,"[0.061224489795918366, 0.07142857142857142, 0.25510204081632654, 0.41836734693877553, 0.19387755102040816]",0.1127629859890976,"Estimating the distribution of responses to a survey item requires historical data from the Pew Research Center or similar organizations. However, I can provide a hypothetical distribution based on general trends in romantic relationships in the United States.

According to a 2020 survey by the Pew Research Center, the median length of a romantic relationship in the United States is about 2 years. Based on this information, I'll create a hypothetical distribution that reflects a typical pattern of relationship lengths.

Here's a possible distribution:

- Less than 3 months: 15% (new relationships are common, but many don't last long)
- 3 months to less than 6 months: 20% (relationships in this range are relatively common, as couples often take time to get to know each other)
- 6 months to less than 1 year: 25% (relationships in this range are also common, as couples start to commit and build a life together)
- 1 year to less than 3 years: 30% (this range includes many long-term relationships that are still in the early stages)
- 3 years to less than 5 years: 10% (relationships in this range are less common, as couples have already committed to each other for a longer period)

Here's the JSON object representing this distribution:

```json
{
  ""distribution"": [
    0.15,  // Less than 3 months
    0.20,  // 3 months to less than 6 months
    0.25,  // 6 months to less than 1 year
    0.30,  // 1 year to less than 3 years
    0.10   // ",0.1960264900662251,percent_fallback_regen
SMSHARE_W45,llama31-instruct,"[0.07827230870423153, 0.2797632098224074, 0.24402543301907476, 0.03639552729664547, 0.3615435211576409]",99,"[0.12121212121212122, 0.6565656565656566, 0.18181818181818182, 0.04040404040404041, 0.0]",0.4237507723585338,98,"[0.23469387755102042, 0.5918367346938775, 0.1326530612244898, 0.030612244897959183, 0.01020408163265306]",0.468495093718259,"Based on a Pew Research Center survey conducted in 2020, the distribution of responses to the question ""When you share a news story on social media, how much do you think it impacts the story's overall reach to the public?"" can be estimated as follows:

- 34% of respondents chose option 1 (A lot)
- 31% chose option 2 (Some)
- 21% chose option 3 (Not much)
- 10% chose option 4 (Not at all)
- 4% cho",0.3555689541767156,percent_fallback_cached
SOCIETY_GUNS_W92,llama31-instruct,"[0.3616707616707617, 0.1841769041769042, 0.2454054054054054, 0.1142997542997543, 0.09444717444717445]",100,"[0.15, 0.47, 0.04, 0.31, 0.03]",0.4815233415233415,100,"[0.31, 0.31, 0.03, 0.23, 0.12]",0.2670761670761671,"Based on a Pew Research Center survey conducted in 2020, the distribution of responses to the question ""Do you think an increase in the number of guns in the U.S. is generally good or bad for our society?"" is as follows:

- 64% of respondents chose option 1 (Very bad for society)
- 21% chose option 2 (Somewhat bad for society)
- 10% chose option 3 (Neither good nor bad for society)
- 4% chose option 4 (Somewhat good for society)
- 1% chose option 5 (Very good for society)

Here is the estimated distribution in JSON format:

```json
{
  ""distribution"": [
    0.64,  // 64% of respondents chose option 1
    0.21,  // 21% of respondents chose option 2
    0.10,  // 10% of respondents chose option 3
    0.04,  // 4% of respondents chose option 4
    0.01   // 1% of respondents chose option 5
  ]
}
```",0.3041523341523341,percent_fallback_regen
SOCIETY_JBCLL_W92,llama31-instruct,"[0.08861508132084771, 0.24337111877772302, 0.29788072942336125, 0.29719073435189747, 0.07294233612617053]",100,"[0.05, 0.58, 0.22, 0.13, 0.02]",0.3366288812222769,100,"[0.27, 0.52, 0.1, 0.07, 0.04]",0.4580137999014292,"Estimating the distribution of responses to a survey item can be a complex task, as it depends on various factors such as the population being surveyed, the survey design, and the time period. However, based on general trends and available data, I'll provide a hypothetical estimate of the distribution of responses to the given Pew survey item.

According to a Pew Research Center survey conducted in 2020, 44% of adults in the United States believe that a bachelor's degree is necessary to get a good job, while 54% believe that a bachelor's degree is not necessary. This suggests that many Americans view a college degree as a valuable asset for securing good-paying jobs.

Considering this, I'll estimate the distribution of responses to the given survey item as follows:

- A significant proportion of respondents will view the increasing prevalence of good-paying jobs requiring a college degree as good for society, as it aligns with the value placed on higher education in the United States.
- A smaller proportion will view it as bad for society, as some may believe that it creates barriers to entry for those without a college degree or exacerbates income inequality.
- A smaller proportion will view it as neither good nor bad for society, as some may see it as a neutral or inevitable consequence of economic trends.

Based on these considerations, I estimate the distribution of responses as follows:

```json
{
  ""distribution"": [
    0.35,  // 35% of respondents think it's very good ",0.2398802069446576,percent_fallback_regen
SOCIETY_RELG_W92,llama31-instruct,"[0.22148711365656168, 0.2519996050162931, 0.32507159079687964, 0.09647477041572035, 0.10496692011454528]",100,"[0.04, 0.12, 0.23, 0.58, 0.03]",0.4835252295842797,100,"[0.07, 0.16, 0.23, 0.49, 0.05]",0.3935252295842797,"Estimating the distribution of responses to a survey question can be a complex task, as it depends on various factors such as the population being surveyed, the survey methodology, and the time period in which the survey was conducted. However, based on general trends and available data, I can provide a hypothetical estimate of the distribution of responses to the given Pew survey item.

According to a 2020 Pew Research Center survey, 63% of Americans believe that a decline in the share of Americans belonging to an organized religion is bad for society, while 22% think it is neither good nor bad, and 15% think it is good for society.

Based on these numbers, I will estimate the distribution of responses as follows:

- Very bad for society: 0.63 (63% of respondents)
- Somewhat bad for society: 0.20 (20% of respondents, assuming a roughly equal split between ""very bad"" and ""somewhat bad"")
- Neither good nor bad for society: 0.12 (12% of respondents)
- Somewhat good for society: 0.04 (4% of respondents, assuming a roughly equal split between ""somewhat good"" and ""very good"")
- Very good for society: 0.01 (1% of respondents)

Here is the estimated distribution in JSON format:

```json
{
  ""distribution"": [
    0.63,
    0.20,
    0.12,
    0.04,
    0.01
  ]
}
```

Please note that this is a hypothetical estimate and actual results may vary based on the specific survey and population being studied.",0.4085128863434383,percent_fallback_regen
SOCIETY_RHIST_W92,llama31-instruct,"[0.3104910274107671, 0.2268783277460067, 0.19305856832971802, 0.15066061920725696, 0.11891145730625123]",100,"[0.33, 0.59, 0.06, 0.01, 0.01]",0.3826306448432262,100,"[0.49, 0.39, 0.08, 0.02, 0.02]",0.3426306448432262,"Based on a Pew Research Center survey conducted in 2020, here's an estimated distribution of responses to the question:

```json
{
  ""distribution"": [
    0.35,  // 35% of respondents chose option 1: Very good for society
    0.30,  // 30% of respondents chose option 2: Somewhat good for society
    0.20,  // 20% of respondents chose option 3: Neither good nor bad for society
    0.10,  // 10% of respondents chose option 4: Somewhat bad for society
    0.05   // 5% of respondents chose option 5: Very bad for society
  ]
}
```

Please note that these estimates are based on a single survey and may not reflect the current opinions of U.S. adults. The actual distribution may have changed since the survey was conducted.",0.1195720765135081,percent_fallback_regen
SOCIETY_SSM_W92,llama31-instruct,"[0.18628706531376218, 0.11368338094768989, 0.33011525958033694, 0.10550684661609694, 0.2644074475421141]",100,"[0.01, 0.03, 0.11, 0.53, 0.32]",0.480085705841789,100,"[0.04, 0.05, 0.07, 0.4, 0.44]",0.470085705841789,"Estimating the distribution of responses to a survey item can be a complex task that requires access to actual survey data. However, based on historical data from the Pew Research Center, I can provide a hypothetical estimate of the distribution of responses to the given survey item.

According to a 2020 Pew Research Center survey, the distribution of responses to the question ""Do you think same-sex marriages being legal in the U.S. is generally good or bad for our society?"" among U.S. adults is as follows:

- 27% of respondents said it is very good for society
- 34% said it is somewhat good for society
- 26% said it is neither good nor bad for society
- 8% said it is somewhat bad for society
- 5% said it is very bad for society

Here's a JSON object representing this distribution:

```json
{
  ""distribution"": [
    0.05,  // 5% of respondents said it is very bad for society
    0.08,  // 8% of respondents said it is somewhat bad for society
    0.26,  // 26% of respondents said it is neither good nor bad for society
    0.34,  // 34% of respondents said it is somewhat good for society
    0.27   // 27% of respondents said it is very good for society
  ]
}
```

Please note that this is a hypothetical estimate based on historical data and may not reflect the current distribution of responses.",0.310029553738548,percent_fallback_regen
SOCIETY_TRANS_W92,llama31-instruct,"[0.18478260869565216, 0.14535573122529644, 0.2690711462450593, 0.15632411067193677, 0.24446640316205534]",100,"[0.0, 0.0, 0.09, 0.59, 0.32]",0.5092094861660079,100,"[0.06, 0.06, 0.06, 0.48, 0.34]",0.4192094861660079,"Estimating the distribution of responses to a survey item can be a complex task, as it depends on various factors such as the population being surveyed, the survey design, and the time period in which the survey was conducted. However, based on available data from the Pew Research Center, I can provide a hypothetical estimate of the distribution of responses to the given survey item.

According to a 2020 survey conducted by the Pew Research Center, 44% of U.S. adults said that greater social acceptance of people who are transgender is good for society, while 24% said it is bad for society. The remaining 32% said it is neither good nor bad for society.

Assuming a similar distribution in the current sample, we can estimate the probabilities as follows:

- Option 1 (Very bad for society): 24%
- Option 2 (Somewhat bad for society): 8% (assuming a similar split between ""very bad"" and ""somewhat bad"" responses)
- Option 3 (Neither good nor bad for society): 32%
- Option 4 (Somewhat good for society): 24% (assuming a similar split between ""somewhat good"" and ""very good"" responses)
- Option 5 (Very good for society): 12% (assuming a similar split between ""very good"" and ""somewhat good"" responses)

Here is the estimated distribution in JSON format:

```json
{
  ""distribution"": [
    0.24,  // Option 1: Very bad for society
    0.08,  // Option 2: Somewhat bad for society
    0.32,  // Option 3: Neither good nor bad for society
   ",0.2105072463768116,percent_fallback_regen
SOCIETY_WHT_W92,llama31-instruct,"[0.06305593990907293, 0.07817750543585689, 0.64657046847203, 0.12680371614943664, 0.08539237003360348]",99,"[0.030303030303030304, 0.2222222222222222, 0.36363636363636365, 0.30303030303030304, 0.08080808080808081]",0.3202713036672317,99,"[0.12121212121212122, 0.2828282828282828, 0.1717171717171717, 0.1919191919191919, 0.23232323232323232]",0.4748532967548583,"Estimating the distribution of responses to a survey item requires making assumptions about the population and the survey question. Based on available data and general trends, I'll provide a hypothetical distribution. Keep in mind that this is a simplified estimate and actual results may vary.

Assumptions:

- The survey is conducted among a representative sample of U.S. adults.
- The question is asked in a neutral and clear manner.
- The respondents are aware of the demographic changes in the U.S. population.

Based on general trends and available data, here's a possible distribution:

- A small percentage of respondents might view the decline of white people as a share of the U.S. population as very good for society, as some people might see it as a positive step towards greater diversity and representation.
- A slightly larger percentage might view it as somewhat good for society, as they might see the benefits of a more diverse population but are not strongly in favor of the change.
- The majority of respondents might view it as neither good nor bad for society, as they might see it as a natural demographic shift or not have strong opinions on the matter.
- A smaller percentage might view it as somewhat bad for society, as they might be concerned about the potential loss of cultural identity or the impact on social cohesion.
- A small percentage might view it as very bad for society, as they might be strongly opposed to the demographic changes and see it as a threat to th",,unparseable
TRACKCO1a_W49,llama31-instruct,"[0.4138093001409112, 0.330201972757163, 0.17895725692813527, 0.04133395960544857, 0.035697510568341945]",99,"[0.010101010101010102, 0.21212121212121213, 0.7575757575757576, 0.020202020202020204, 0.0]",0.5786185006476223,100,"[0.17, 0.23, 0.46, 0.11, 0.03]",0.3497087834664161,"Based on the Pew Research Center's 2020 survey on online tracking, here's an estimated distribution of responses:

```json
{
  ""distribution"": [
    0.15,  // 15% of respondents chose option 1: All or almost all of it
    0.25,  // 25% of respondents chose option 2: Most of it
    0.35,  // 35% of respondents chose option 3: Some of it
    0.20,  // 20% of respondents chose option 4: Very little of it
    0.05   // 5% of respondents chose option 5: None of it
  ]
}
```

Please note that these estimates are based on a specific survey and may not reflect the current distribution of responses.",0.3440112728980742,percent_fallback_regen
TRACKCO1b_W49,llama31-instruct,"[0.11137218045112782, 0.19407894736842105, 0.3956766917293233, 0.19830827067669174, 0.10056390977443609]",100,"[0.01, 0.11, 0.86, 0.02, 0.0]",0.4643233082706767,100,"[0.21, 0.15, 0.46, 0.13, 0.05]",0.1629511278195488,"Based on the Pew Research Center's 2020 survey on Americans' views on online tracking, I will estimate the distribution of responses to the given survey item. The actual data may vary depending on the specific survey and year.

According to the 2020 survey, the distribution of responses is as follows:

- 44% of respondents chose option 1 (All or almost all of it)
- 24% chose option 2 (Most of it)
- 21% chose option 3 (Some of it)
- 8% chose option 4 (Very little of it)
- 3% chose option 5 (None of it)

Here is the estimated distribution in JSON format:

```json
{
  ""distribution"": [
    0.44,  // 44% of respondents chose option 1
    0.24,  // 24% of respondents chose option 2
    0.21,  // 21% of respondents chose option 3
    0.08,  // 8% of respondents chose option 4
    0.03   // 3% of respondents chose option 5
  ]
}
```",0.3745488721804511,percent_fallback_regen
TRACKGOV1a_W49,llama31-instruct,"[0.22458628841607564, 0.23120567375886525, 0.31725768321513004, 0.14988179669030732, 0.07706855791962175]",99,"[0.010101010101010102, 0.04040404040404041, 0.9292929292929293, 0.020202020202020204, 0.0]",0.6120352460777992,97,"[0.1958762886597938, 0.08247422680412371, 0.5154639175257731, 0.14432989690721648, 0.061855670103092786]",0.1982062343106431,"Based on the Pew Research Center's 2020 survey on online tracking, here's an estimated distribution of responses:

```json
{
  ""distribution"": [
    0.05,  // 1. All or almost all of it
    0.15,  // 2. Most of it
    0.40,  // 3. Some of it
    0.30,  // 4. Very little of it
    0.10   // 5. None of it
  ]
}
```

This distribution is based on the following assumptions:

- 5% of respondents believe the government tracks all or almost all of their online activities, which is a relatively low estimate given the widespread use of surveillance technologies.
- 15% believe the government tracks most of their online activities, which is a moderate estimate considering the extensive data collection practices of government agencies.
- 40% believe the government tracks some of their online activities, which is a high estimate given the widespread awareness of online tracking practices.
- 30% believe the government tracks very little of their online activities, which is a moderate estimate considering the limited scope of government surveillance in some areas.
- 10% believe the government tracks none of their online activities, which is a low estimate given the pervasive nature of online tracking.

Please note that these estimates are based on a hypothetical distribution and may not reflect the actual results of a Pew survey.",0.2557919621749409,percent_fallback_regen
TRACKGOV1b_W49,llama31-instruct,"[0.09764150943396227, 0.12028301886792453, 0.33160377358490567, 0.2849056603773585, 0.16556603773584905]",100,"[0.0, 0.02, 0.9, 0.08, 0.0]",0.5683962264150944,99,"[0.09090909090909091, 0.1111111111111111, 0.5353535353535354, 0.21212121212121213, 0.050505050505050504]",0.2037497617686297,"Based on the Pew Research Center's 2020 survey on Americans' views on government tracking, here's an estimated distribution of responses:

```json
{
  ""distribution"": [
    0.05,  // 1. All or almost all of it
    0.15,  // 2. Most of it
    0.40,  // 3. Some of it
    0.30,  // 4. Very little of it
    0.10   // 5. None of it
  ]
}
```

This distribution is based on the following data from the Pew Research Center's 2020 survey:

- 5% of respondents chose option 1 (All or almost all of it)
- 15% chose option 2 (Most of it)
- 40% chose option 3 (Some of it)
- 30% chose option 4 (Very little of it)
- 10% chose option 5 (None of it)

Note that these numbers are estimates based on a single survey and may not reflect the actual distribution of responses in the general U.S. adult population.",0.1132075471698113,percent_fallback_regen
USMILSIZ_W92,llama31-instruct,"[0.06100347739692002, 0.13303527074018878, 0.4299056135121709, 0.26070541480377546, 0.11535022354694485]",100,"[0.0, 0.32, 0.52, 0.15, 0.01]",0.2770591157476403,100,"[0.22, 0.14, 0.26, 0.27, 0.11]",0.1752558370591157,"Based on a Pew Research Center survey conducted in 2020, the distribution of responses to the question about the size of America's military is as follows:

- 34% of respondents chose option 1 (Reduced a great deal)
- 22% chose option 2 (Reduced somewhat)
- 34% chose option 3 (Kept about as is)
- 8% chose option 4 (Increased somewhat)
- 2% chose option 5 (Increased a great deal)

Here is the estima",0.3659612518628912,percent_fallback_cached
WORRY2a_W54,llama31-instruct,"[0.21701566847269, 0.15287743447063992, 0.2666569043783863, 0.17835700688241324, 0.18509298579587055]",100,"[0.0, 0.01, 0.8, 0.18, 0.01]",0.5349860887392005,99,"[0.1111111111111111, 0.030303030303030304, 0.5252525252525253, 0.2222222222222222, 0.1111111111111111]",0.302460836213948,"Estimating the distribution of responses to a survey item requires a large dataset and statistical analysis. However, I can provide a hypothetical example based on general trends and available data. Keep in mind that this is a simplified estimate and actual results may vary.

According to a 2020 survey by the Federal Reserve, about 77% of Americans have some form of debt, and 40% of Americans have high-interest debt. A 2020 survey by the American Psychological Association found that 64% of Americans reported feeling stressed about money, with 44% saying they worry about debt.

Based on these findings, I'll create a hypothetical distribution of responses to the given survey item. I'll assume that the distribution is skewed towards those who worry about debt frequently, given the prevalence of debt in the U.S. population and the reported stress levels.

Here's a possible distribution:

```json
{
  ""distribution"": [
    0.15,  // 1. Every day
    0.25,  // 2. Almost every day
    0.30,  // 3. Sometimes
    0.20,  // 4. Rarely
    0.10   // 5. Never
  ]
}
```

This distribution suggests that:

- 15% of respondents worry about debt every day.
- 25% worry about debt almost every day.
- 30% worry about debt sometimes.
- 20% worry about debt rarely.
- 10% never worry about debt.

Please note that this is a hypothetical example and actual results may vary based on the specific survey, population, and time frame.",0.1225929857958705,percent_fallback_regen
WORRY2b_W54,llama31-instruct,"[0.100140383715489, 0.07814693495554516, 0.28731867103416003, 0.30978006551240056, 0.22461394478240523]",100,"[0.0, 0.02, 0.58, 0.38, 0.02]",0.3629012634534393,99,"[0.030303030303030304, 0.04040404040404041, 0.43434343434343436, 0.41414141414141414, 0.08080808080808081]",0.2513861119382878,"Based on a Pew Research Center survey conducted in 2020, the distribution of responses to the question ""How often, if ever, do you worry about losing your job?"" among U.S. adults is as follows:

- 12% of respondents said they worry about losing their job every day.
- 14% said they worry almost every day.
- 34% said they worry sometimes.
- 31% said they worry rarely.
- 9% said they never worry abou",0.1346139447824052,percent_fallback_cached
WORRY2c_W54,llama31-instruct,"[0.20301081555100847, 0.14440222157263957, 0.2870505700087694, 0.21923414206372405, 0.14630225080385853]",100,"[0.0, 0.01, 0.58, 0.4, 0.01]",0.4737152879275065,100,"[0.05, 0.03, 0.45, 0.34, 0.13]",0.2837152879275066,"Estimating the distribution of responses to a survey item requires a large dataset and statistical analysis. However, I can provide a hypothetical example based on general trends and available data. Keep in mind that this is a simplified estimate and actual results may vary.

According to a 2020 survey by the American Psychological Association, about 64% of Americans reported experiencing financial stress, and 44% reported worrying about paying bills. A 2020 survey by the Federal Reserve found that 39% of Americans reported difficulty paying bills on time.

Based on these findings, I'll create a hypothetical distribution of responses. I'll assume that the distribution is skewed towards those who worry about paying bills frequently, given the prevalence of financial stress in the U.S.

Here's a possible distribution:

```json
{
  ""distribution"": [
    0.15,  // 1. Every day
    0.25,  // 2. Almost every day
    0.30,  // 3. Sometimes
    0.20,  // 4. Rarely
    0.10   // 5. Never
  ]
}
```

This distribution reflects the following assumptions:

- 15% of respondents worry about paying bills every day, which is a relatively low percentage given the prevalence of financial stress.
- 25% worry about paying bills almost every day, which is a moderate percentage.
- 30% worry about paying bills sometimes, which is the largest percentage, reflecting the common experience of financial stress.
- 20% worry about paying bills rarely, which is a smaller percentage, but still significant.
-",0.2301270698282236,percent_fallback_regen
WORRY2d_W54,llama31-instruct,"[0.19078273591806877, 0.16356986100950988, 0.378054133138259, 0.1745427944403804, 0.09305047549378201]",100,"[0.0, 0.01, 0.88, 0.11, 0.0]",0.501945866861741,100,"[0.14, 0.05, 0.55, 0.15, 0.11]",0.188895391367959,"Estimating the distribution of responses to a survey item requires a large dataset and statistical analysis. However, I can provide a hypothetical example based on a common distribution pattern for such a question. 

For this example, let's assume a normal distribution with a slight skew towards the middle options, as people tend to worry about health care costs occasionally but not excessively. We'll use a beta distribution as an approximation for this scenario.

The beta distribution is a continuous probability distribution defined on the interval [0, 1] and is often used for modeling proportions or percentages. We can use the beta distribution to estimate the probability of each option.

Let's assume the following parameters for the beta distribution:

- alpha (shape parameter) = 2.5
- beta (shape parameter) = 7.5

These parameters will give us a distribution with a peak around the middle options and a slight skew towards the lower options.

We can use the `scipy.stats` library in Python to calculate the cumulative distribution function (CDF) of the beta distribution and then find the probabilities for each option.

```python
import numpy as np
from scipy.stats import beta

# Define the parameters of the beta distribution
alpha = 2.5
beta = 7.5

# Define the options
options = [1, 2, 3, 4, 5]

# Calculate the CDF values for each option
cdf_values = [beta.cdf(i / 5) for i in range(1, 6)]

# Normalize the CDF values to get the probabilities
probabilities = [cdf_values[i] - cd",,unparseable
WORRY2e_W54,llama31-instruct,"[0.23736328702335205, 0.1854862548034289, 0.3347620455217263, 0.13331362695832102, 0.10907478569317174]",100,"[0.0, 0.01, 0.88, 0.1, 0.01]",0.5452379544782737,100,"[0.11, 0.03, 0.52, 0.21, 0.13]",0.2828495418267809,"Based on the 2020 survey data from the Pew Research Center, here's an estimated distribution of responses to the question:

- 12% of respondents worry about saving for retirement every day (Option 1)
- 15% worry about it almost every day (Option 2)
- 34% worry about it sometimes (Option 3)
- 31% worry about it rarely (Option 4)
- 8% never worry about it (Option 5)

Here's the JSON object represent",0.1819243275199527,percent_fallback_cached
SOCIETY_TRANS_W92,qwen25-instruct,"[0.18478260869565216, 0.14535573122529644, 0.2690711462450593, 0.15632411067193677, 0.24446640316205534]",100,"[0.0, 0.04, 0.0, 0.61, 0.35]",0.559209486166008,100,"[0.04, 0.25, 0.02, 0.32, 0.37]",0.3938537549407114,"```json
{
  ""distribution"": [
    0.05,
    0.15,
    0.30,
    0.35,
    0.15
  ]
}
```

This distribution is an estimate and reflects a scenario where a significant portion of the population views the increased social acceptance of transgender individuals as somewhat to very good for society, while a smaller portion sees it as either very bad or neither good nor bad.",0.2292490118577075,
SOCIETY_RELG_W92,qwen25-instruct,"[0.22148711365656168, 0.2519996050162931, 0.32507159079687964, 0.09647477041572035, 0.10496692011454528]",100,"[0.0, 0.93, 0.07, 0.0, 0.0]",0.678000394983707,100,"[0.09, 0.45, 0.28, 0.18, 0.0]",0.2815256245679866,"```json
{
  ""distribution"": [
    0.05,
    0.15,
    0.40,
    0.30,
    0.10
  ]
}
```

This distribution is based on typical survey results from similar questions asked in the past. It assumes that a small percentage of people believe a decline in religious affiliation is very bad, a moderate number think it is somewhat bad, a majority feel it is neither good nor bad, another significant portio",0.2784536387873999,
SOCIETY_GUNS_W92,qwen25-instruct,"[0.3616707616707617, 0.1841769041769042, 0.2454054054054054, 0.1142997542997543, 0.09444717444717445]",100,"[0.38, 0.62, 0.0, 0.0, 0.0]",0.4541523341523341,100,"[0.43, 0.47, 0.0, 0.08, 0.02]",0.3541523341523341,"```json
{
  ""distribution"": [
    0.15,
    0.30,
    0.20,
    0.25,
    0.10
  ]
}
```

This distribution is based on typical survey results from similar questions in the past. Note that actual percentages may vary depending on the specific context and time period of the survey.",0.2570761670761671,
SOCIETY_SSM_W92,qwen25-instruct,"[0.18628706531376218, 0.11368338094768989, 0.33011525958033694, 0.10550684661609694, 0.2644074475421141]",100,"[0.0, 0.11, 0.03, 0.29, 0.57]",0.4900857058417889,100,"[0.12, 0.13, 0.02, 0.35, 0.38]",0.3764023248940991,"```json
{
  ""distribution"": [
    0.05,
    0.15,
    0.30,
    0.35,
    0.15
  ]
}
```

This distribution is an estimate and reflects the general trend observed in recent surveys. It assumes that a small percentage of people believe it is very bad (5%), a slightly larger group thinks it is somewhat bad (15%), a significant portion neither views it as particularly good or bad (30%), a majority se",0.2808097724362132,
LEGALIMMIGAMT_W92,qwen25-instruct,"[0.12687312687312688, 0.12517482517482517, 0.44755244755244755, 0.189010989010989, 0.11138861138861139]",100,"[0.39, 0.01, 0.6, 0.0, 0.0]",0.4155744255744256,100,"[0.23, 0.15, 0.31, 0.29, 0.02]",0.2289410589410589,"Based on recent Pew Research Center surveys and general public opinion trends, here's an estimated distribution of responses:

```json
{
  ""distribution"": [0.15, 0.25, 0.35, 0.15, 0.10]
}
```

This distribution assumes that:
- 15% of respondents would prefer a significant decrease.
- 25% would prefer a slight decrease.
- 35% would want the number to stay about the same.
- 15% would like to see a s",0.1479520479520479,
ETHNCMAJMOD_W41,qwen25-instruct,"[0.07188498402555911, 0.15215654952076677, 0.4221246006389776, 0.17492012779552715, 0.17891373801916932]",100,"[0.0, 0.0, 0.74, 0.25, 0.01]",0.3929552715654952,100,"[0.06, 0.06, 0.36, 0.28, 0.24]",0.1661661341853035,"Based on typical survey results and public opinion trends, here's an estimated distribution of responses:

```json
{
  ""distribution"": [0.05, 0.15, 0.35, 0.30, 0.15]
}
```

This distribution assumes that a small percentage of people would see it as a very bad thing (1%), a slightly larger group would see it as somewhat bad (15%), a significant portion would be neutral (35%), another substantial gr",0.1250798722044728,
INTRMAR_W41,qwen25-instruct,"[0.03588516746411483, 0.0773524720893142, 0.3975279106858054, 0.19497607655502391, 0.2942583732057416]",100,"[0.0, 0.0, 0.75, 0.25, 0.0]",0.4074960127591707,100,"[0.02, 0.01, 0.38, 0.33, 0.26]",0.135023923444976,"```json
{
  ""distribution"": [
    0.05,
    0.15,
    0.4,
    0.3,
    0.1
  ]
}
```

This distribution assumes a representative sample of U.S. adults where:
- 5% view it as a very bad thing.
- 15% view it as a somewhat bad thing.
- 40% see it as neither a good nor bad thing.
- 30% believe it is a somewhat good thing.
- 10% consider it a very good thing.",0.1942583732057415,
RACESURV5b_W43,qwen25-instruct,"[0.31236673773987206, 0.30414255254340544, 0.22738349070971672, 0.09016143770941212, 0.06594578129759367]",100,"[0.98, 0.02, 0.0, 0.0, 0.0]",0.667633262260128,100,"[0.41, 0.56, 0.01, 0.01, 0.01]",0.3534907097167225,"Based on previous Pew Research Center surveys and general public opinion trends, we can estimate the distribution of responses. Here's a plausible distribution:

```json
{
  ""distribution"": [0.05, 0.15, 0.4, 0.3, 0.1]
}
```

This distribution assumes that a small percentage of respondents believe being Black significantly hinders progress (options 1 and 2), a moderate number think it has no signif",0.4165092902832774,
ECON5_d_W54,qwen25-instruct,"[0.5126173708920188, 0.14231220657276994, 0.0710093896713615, 0.1613849765258216, 0.11267605633802817]",100,"[0.68, 0.32, 0.0, 0.0, 0.0]",0.3450704225352113,100,"[0.41, 0.59, 0.0, 0.0, 0.0]",0.44768779342723,"Based on recent Pew Research Center surveys and general trends, here is an estimated distribution of responses for the given question:

```json
{
  ""distribution"": [0.15, 0.25, 0.30, 0.20, 0.10]
}
```

This distribution assumes that a significant portion of the population believes the economy is hurting the poor, with a smaller but still notable segment believing it is helping. The middle option o",0.375293427230047,
ECON5_b_W54,qwen25-instruct,"[0.03525264394829612, 0.0572855464159812, 0.17391304347826086, 0.1627497062279671, 0.5707990599294948]",100,"[0.35, 0.03, 0.0, 0.42, 0.2]",0.5719976498237368,100,"[0.2, 0.15, 0.0, 0.22, 0.43]",0.3147121034077556,"Based on typical survey results and public opinion trends, here is an estimated distribution of responses:

```json
{
  ""distribution"": [0.1, 0.2, 0.3, 0.25, 0.15]
}
```

This distribution assumes that a significant portion of the population believes the current economic conditions are hurting the wealthy, with decreasing percentages for less negative views and increasing percentages for more posi",0.4207990599294947,
EAT1_W34,qwen25-instruct,"[0.018167456556082148, 0.14533965244865718, 0.30963665086887837, 0.40442338072669826, 0.12243285939968404]",100,"[0.0, 0.18, 0.12, 0.7, 0.0]",0.3302369668246445,100,"[0.09, 0.15, 0.21, 0.52, 0.03]",0.1920695102685624,"```json
{
  ""distribution"": [
    0.1,
    0.2,
    0.3,
    0.3,
    0.1
  ]
}
```",0.1364928909952607,
EAT2_W34,qwen25-instruct,"[0.0383399209486166, 0.308300395256917, 0.3075098814229249, 0.25612648221343876, 0.08972332015810276]",100,"[0.0, 0.0, 0.0, 1.0, 0.0]",0.7438735177865612,100,"[0.02, 0.05, 0.13, 0.8, 0.0]",0.5438735177865612,"```json
{
  ""distribution"": [
    0.1,
    0.2,
    0.3,
    0.3,
    0.1
  ]
}
```

This distribution assumes a hypothetical scenario where:
- 10% of respondents never choose foods based on convenience.
- 20% choose foods for convenience less than half of the time.
- 30% choose foods for convenience about half of the time.
- 30% choose foods for convenience more than half of the time.
- 10% choos",0.1158102766798419,
PP1_W49,qwen25-instruct,"[0.020666979802724285, 0.1592296852982621, 0.23790511977454204, 0.3233912635039925, 0.2588069516204791]",100,"[0.01, 0.95, 0.04, 0.0, 0.0]",0.790770314701738,100,"[0.11, 0.35, 0.13, 0.24, 0.17]",0.2801033348990136,"Based on typical survey data and general behavior patterns, we can estimate the distribution of responses for this question. Here’s an estimated distribution:

- Option 1 (Never): 20%
- Option 2 (Less frequently): 30%
- Option 3 (About once a month): 25%
- Option 4 (About once a week): 15%
- Option 5 (Almost daily): 10%

Now, let's convert these percentages into probabilities that sum up to 1.0:

",0.3321982151244716,
CAREREL_W27,qwen25-instruct,"[0.37827352085354027, 0.2655189136760427, 0.1316682832201746, 0.12390882638215325, 0.10063045586808923]",100,"[1.0, 0.0, 0.0, 0.0, 0.0]",0.6217264791464597,100,"[0.85, 0.08, 0.0, 0.0, 0.07]",0.4717264791464597,"```json
{
  ""distribution"": [0.35, 0.40, 0.15, 0.10, 0.00]
}
```

This distribution assumes a representative sample of U.S. adults where:
- 35% find it very likely.
- 40% find it somewhat likely.
- 15% find it not too likely.
- 10% find it not at all likely.
- 0% are already doing this (as per the options provided, no one would select this option if they are not currently providing care).",0.1528128031037827,
CARS4_W27,qwen25-instruct,"[0.07364341085271318, 0.5985949612403101, 0.21705426356589147, 0.03972868217054264, 0.07097868217054264]",100,"[0.0, 0.91, 0.09, 0.0, 0.0]",0.3114050387596899,100,"[0.09, 0.6, 0.23, 0.07, 0.01]",0.0609786821705426,"```json
{
  ""distribution"": [
    0.1,
    0.4,
    0.3,
    0.15,
    0.05
  ]
}
```",0.2195736434108527,
COHABDUR_W50,qwen25-instruct,"[0.15601965601965603, 0.25552825552825553, 0.1941031941031941, 0.19656019656019655, 0.1977886977886978]",100,"[0.0, 0.05, 0.15, 0.76, 0.04]",0.5634398034398035,99,"[0.12121212121212122, 0.10101010101010101, 0.15151515151515152, 0.3333333333333333, 0.29292929292929293]",0.2319137319137319,"```json
{
  ""distribution"": [
    0.1,
    0.2,
    0.3,
    0.25,
    0.15
  ]
}
```",0.1593366093366093,
ECON5_a_W54,qwen25-instruct,"[0.0919085312225154, 0.23995895631779537, 0.3059220170038112, 0.13910876575784228, 0.22310172969803577]",100,"[0.0, 0.0, 0.99, 0.01, 0.0]",0.6840779829961887,99,"[0.020202020202020204, 0.08080808080808081, 0.6060606060606061, 0.25252525252525254, 0.04040404040404041]",0.4135550758242051,"Based on recent trends and typical survey results from similar questions, we can estimate the distribution of responses. Here's a plausible distribution:

```json
{
  ""distribution"": [0.1, 0.2, 0.3, 0.25, 0.15]
}
```

This distribution assumes that a small percentage of people feel the economy is helping a lot, a moderate number feel it is helping a little, a significant portion feels it is hurtin",0.1189827030196423,
ECON5_c_W54,qwen25-instruct,"[0.09821166813251246, 0.2102022867194371, 0.32160656698915274, 0.2887716212254471, 0.0812078569334506]",100,"[0.0, 0.0, 0.99, 0.01, 0.0]",0.6683934330108473,100,"[0.0, 0.0, 0.4, 0.6, 0.0]",0.3896218117854002,"Based on general trends and previous Pew Research Center surveys, we can estimate the distribution of responses for this question. Here's a plausible distribution:

```json
{
  ""distribution"": [0.1, 0.2, 0.3, 0.25, 0.15]
}
```

This distribution assumes that a small percentage of people believe the economy is helping a lot (1), a moderate number believe it is helping a little (2), a significant po",0.0705804749340369,
ECON5_e_W54,qwen25-instruct,"[0.07929515418502203, 0.1844346549192364, 0.28193832599118945, 0.34948604992657856, 0.10484581497797357]",100,"[0.0, 0.0, 1.0, 0.0, 0.0]",0.7180616740088106,99,"[0.020202020202020204, 0.010101010101010102, 0.48484848484848486, 0.45454545454545453, 0.030303030303030304]",0.3079695634761714,"Based on general trends and previous Pew Research Center surveys, we can estimate the distribution of responses for this question. Here's a plausible distribution:

```json
{
  ""distribution"": [0.1, 0.2, 0.3, 0.25, 0.15]
}
```

This distribution assumes that a small percentage of people believe the economy is helping a lot (1%), a moderate number believe it is helping a little (20%), a significant",0.0994860499265785,
ECON5_f_W54,qwen25-instruct,"[0.10771041789287816, 0.1739258387286639, 0.31047675103001765, 0.3101824602707475, 0.09770453207769277]",100,"[0.0, 0.0, 0.99, 0.01, 0.0]",0.6795232489699823,100,"[0.01, 0.0, 0.53, 0.45, 0.01]",0.3593407886992349,"Based on general trends and previous Pew Research Center surveys, we can estimate the distribution of responses for this question. Here's a plausible distribution:

```json
{
  ""distribution"": [0.1, 0.2, 0.3, 0.25, 0.15]
}
```

This distribution assumes that a small percentage of respondents believe the economy is helping a lot (1), a moderate percentage believe it is helping a little (2), a signi",0.0783696291936433,
ECON5_g_W54,qwen25-instruct,"[0.23095097460129946, 0.24867099822799762, 0.17365623154164206, 0.06467808623744832, 0.2820437093916125]",100,"[0.0, 0.01, 0.99, 0.0, 0.0]",0.8163437684583579,100,"[0.03, 0.06, 0.48, 0.41, 0.02]",0.6516656822209095,"Based on general trends and previous Pew Research Center surveys, we can estimate the distribution of responses for this question. However, it's important to note that actual data would be needed for precise estimates. Here's an estimated distribution:

```json
{
  ""distribution"": [0.05, 0.15, 0.35, 0.30, 0.15]
}
```

This distribution assumes:
- 5% of respondents believe the country's current eco",0.4116656822209096,
ECON5_h_W54,qwen25-instruct,"[0.13488783943329397, 0.1537780401416765, 0.23878394332939787, 0.2792207792207792, 0.19332939787485243]",100,"[0.0, 0.0, 0.99, 0.01, 0.0]",0.7512160566706021,100,"[0.0, 0.0, 0.31, 0.65, 0.04]",0.4419952774498229,"Based on general trends and previous Pew Research Center surveys, we can estimate the distribution of responses for this question. However, since I don't have access to real-time data, I will provide a hypothetical distribution that reflects possible outcomes. Here’s an estimated distribution:

```json
{
  ""distribution"": [0.05, 0.15, 0.35, 0.30, 0.15]
}
```

This distribution assumes:
- 5% of res",0.1319952774498229,
ECON5_i_W54,qwen25-instruct,"[0.13926670609107036, 0.1605558840922531, 0.2563571850975754, 0.2430514488468362, 0.20076877587226494]",100,"[0.0, 0.0, 1.0, 0.0, 0.0]",0.7436428149024246,100,"[0.09, 0.04, 0.51, 0.27, 0.09]",0.2805913660555884,"Based on general trends and previous Pew Research Center surveys, we can estimate the distribution of responses for this question. However, since I don't have access to real-time data, I will provide an educated guess based on typical distributions for such questions.

Here is a possible distribution:

```json
{
  ""distribution"": [
    0.15,  // Helping a lot
    0.25,  // Helping a little
    0.3",,
ECON5_j_W54,qwen25-instruct,"[0.08644516318729785, 0.14113496030579242, 0.30755660099970594, 0.32549250220523374, 0.13937077330197]",100,"[0.0, 0.0, 0.99, 0.01, 0.0]",0.682443399000294,100,"[0.0, 0.0, 0.3, 0.7, 0.0]",0.3745074977947662,"Based on recent trends and Pew Research Center surveys, here is an estimated distribution of responses for the given question:

```json
{
  ""distribution"": [0.05, 0.15, 0.35, 0.35, 0.10]
}
```

This distribution assumes that a small percentage of respondents believe the current economic conditions are helping a lot (1%), a moderate number believe it is helping a little (15%), a significant portion",0.0758159364892678,
ECON5_k_W54,qwen25-instruct,"[0.18672566371681415, 0.3386430678466077, 0.21622418879056046, 0.0808259587020649, 0.1775811209439528]",100,"[0.0, 1.0, 0.0, 0.0, 0.0]",0.6613569321533924,100,"[0.27, 0.55, 0.11, 0.06, 0.01]",0.2946312684365781,"Based on general trends and previous Pew Research Center surveys, we can estimate the distribution of responses for this question. Here's a plausible distribution:

```json
{
  ""distribution"": [
    0.15,  # Helping a lot
    0.25,  # Helping a little
    0.30,  # Hurting a little
    0.20,  # Hurting a lot
    0.10   # Neither helping nor hurting
  ]
}
```

This distribution assumes that a signif",,
FAMSURV17_W50,qwen25-instruct,"[0.5877652606759235, 0.1089861147498035, 0.07990568509300498, 0.11029604401362327, 0.11304689546764475]",100,"[0.5, 0.0, 0.04, 0.34, 0.12]",0.236657060518732,100,"[0.27, 0.1, 0.09, 0.28, 0.26]",0.3267513754257271,"To estimate the distribution of responses for this Pew survey item, we need to consider general demographic trends and social structures in the United States. Here's a plausible distribution based on typical family dynamics and relationship closeness:

```json
{
  ""distribution"": [
    0.25,  // Spouse
    0.20,  // Partner or Boyfriend/Girlfriend
    0.15,  // Adult Child
    0.20,  // Sibling
  ",,
IMPREASONGUN_W26,qwen25-instruct,"[0.5009416195856874, 0.263653483992467, 0.14500941619585686, 0.04519774011299435, 0.04519774011299435]",100,"[1.0, 0.0, 0.0, 0.0, 0.0]",0.4990583804143126,100,"[1.0, 0.0, 0.0, 0.0, 0.0]",0.4990583804143126,"To estimate the distribution of responses for this Pew survey item, we can use general knowledge about gun ownership reasons in the United States. Here's a plausible distribution:

- Protection (Option 1): This is often cited as the primary reason for gun ownership, especially among those who feel they need to protect themselves or their property.
- Hunting (Option 2): Hunting is another common re",,
INDUSTRY_W27,qwen25-instruct,"[0.1035958904109589, 0.2568493150684932, 0.19006849315068494, 0.12756849315068494, 0.3219178082191781]",100,"[0.22, 0.28, 0.21, 0.09, 0.2]",0.159486301369863,95,"[0.1368421052631579, 0.30526315789473685, 0.17894736842105263, 0.2631578947368421, 0.11578947368421053]",0.2172494592645998,"```json
{
  ""distribution"": [
    0.15,
    0.25,
    0.10,
    0.20,
    0.30
  ]
}
```

This distribution is an estimate and assumes a representative sample of U.S. adults. The probabilities are assigned based on general labor market data, where healthcare tends to have a higher proportion of workers compared to other industries, followed by education, retail, hospitality, and manufacturing.",0.1188356164383561,
MARRDUR_W50,qwen25-instruct,"[0.053864168618266976, 0.10577673692427791, 0.11982825917252146, 0.25604996096799376, 0.4644808743169399]",100,"[0.0, 0.0, 0.02, 0.5, 0.48]",0.2594691647150663,99,"[0.0707070707070707, 0.020202020202020204, 0.08080808080808081, 0.20202020202020202, 0.6262626262626263]",0.1786246540344901,"```json
{
  ""distribution"": [
    0.05,
    0.20,
    0.35,
    0.25,
    0.15
  ]
}
```

This distribution is an estimate and assumes a representative sample of U.S. adults. The probabilities are assigned based on general trends in marriage durations but should be adjusted based on actual data if available.",0.3243950039032006,
ORIENTATIONMOD_W50,qwen25-instruct,"[0.029216467463479414, 0.9098988660741649, 0.034528552456839307, 0.013178057002758198, 0.013178057002758198]",100,"[0.0, 0.72, 0.0, 0.25, 0.03]",0.2536438859944836,100,"[0.04, 0.75, 0.0, 0.06, 0.15]",0.1944274185310042,"To estimate the distribution of responses to this Pew survey item, we can use data from recent Pew Research Center surveys on sexual orientation. According to their most recent surveys, the distribution might look something like this:

- Option 1 (Gay or lesbian): Approximately 3-4%
- Option 2 (Straight, that is, not gay or lesbian): Approximately 87-90%
- Option 3 (Bisexual): Approximately 1-2%
-",0.0341466985479171,
RACESURV18a_W43,qwen25-instruct,"[0.06681852695520121, 0.4510250569476082, 0.29916476841306, 0.05907365223993925, 0.12391799544419134]",100,"[0.0, 0.03, 0.97, 0.0, 0.0]",0.6708352315869399,99,"[0.030303030303030304, 0.010101010101010102, 0.7171717171717171, 0.010101010101010102, 0.23232323232323232]",0.5264121856376981,"To estimate the distribution of responses to this Pew survey item, we need to consider typical survey results on race relations in the United States. Based on previous Pew Research Center surveys, here's an estimated distribution:

- ""Very well"" (Option 1): This is likely to be the smallest percentage as it reflects a very optimistic view.
- ""Pretty well"" (Option 2): This would be a moderate perce",,
RACESURV18b_W43,qwen25-instruct,"[0.09291362530413626, 0.4431265206812652, 0.20027372262773724, 0.0364963503649635, 0.2271897810218978]",100,"[0.0, 0.21, 0.79, 0.0, 0.0]",0.5897262773722627,99,"[0.030303030303030304, 0.10101010101010101, 0.6565656565656566, 0.0, 0.21212121212121213]",0.4562919339379193,"Based on recent Pew Research Center surveys, here's an estimated distribution of responses for the given question:

```json
{
  ""distribution"": [0.15, 0.30, 0.35, 0.10, 0.10]
}
```

This distribution assumes that:
- 15% of respondents believe blacks and Hispanics get along ""very well.""
- 30% believe they get along ""pretty well.""
- 35% believe they get along ""not too well.""
- 10% believe they get a",0.270316301703163,
RACESURV18c_W43,qwen25-instruct,"[0.0425402613187481, 0.39668793679732606, 0.38726830750531754, 0.09693102400486174, 0.07657247037374658]",100,"[0.0, 0.0, 1.0, 0.0, 0.0]",0.6127316924946824,100,"[0.0, 0.0, 0.74, 0.01, 0.25]",0.5261592221209359,"Based on recent Pew Research Center surveys, here's an estimated distribution of responses for the given question:

```json
{
  ""distribution"": [0.05, 0.15, 0.40, 0.35, 0.05]
}
```

This distribution assumes that:
- 5% of respondents believe blacks and whites get along ""very well.""
- 15% believe they get along ""pretty well.""
- 40% believe they get along ""not too well.""
- 35% believe they get along",0.2732604071710726,
RACESURV18d_W43,qwen25-instruct,"[0.14900410521514368, 0.5663676448228676, 0.09578835335259236, 0.014900410521514367, 0.173939486087882]",100,"[0.0, 0.86, 0.14, 0.0, 0.0]",0.33784400182454,100,"[0.09, 0.28, 0.52, 0.01, 0.1]",0.4242116466474076,"To estimate the distribution of responses to this Pew survey item, we need to consider typical survey results on race relations in the United States. Based on previous Pew Research Center surveys and general public opinion trends, here's an estimated distribution:

- ""Very well"" (Option 1): This is likely to be the smallest percentage as it reflects a very optimistic view.
- ""Pretty well"" (Option ",,
RACESURV18e_W43,qwen25-instruct,"[0.05360668185269552, 0.352619589977221, 0.21305998481397115, 0.03826879271070615, 0.3424449506454062]",100,"[0.0, 0.45, 0.55, 0.0, 0.0]",0.4343204252088078,99,"[0.15151515151515152, 0.08080808080808081, 0.48484848484848486, 0.0, 0.2828282828282828]",0.3696969696969697,"Based on historical Pew Research Center data and general trends, we can estimate the distribution of responses for this question. Here's a plausible distribution:

```json
{
  ""distribution"": [0.15, 0.25, 0.35, 0.15, 0.10]
}
```

This distribution assumes that:
- 15% of respondents believe they get along ""Very well.""
- 25% believe they get along ""Pretty well.""
- 35% believe they get along ""Not too",0.3450645406226271,
RACESURV18f_W43,qwen25-instruct,"[0.0670722433460076, 0.3767300380228137, 0.1314068441064639, 0.02053231939163498, 0.40425855513307984]",100,"[0.0, 0.91, 0.09, 0.0, 0.0]",0.5332699619771863,99,"[0.1111111111111111, 0.30303030303030304, 0.3939393939393939, 0.010101010101010102, 0.18181818181818182]",0.3065714175980335,"To estimate the distribution of responses to this Pew survey item, we need to consider typical survey results on race relations. Based on previous Pew Research Center surveys, here's an estimated distribution:

- ""Very well"" (Option 1): 10%
- ""Pretty well"" (Option 2): 30%
- ""Not too well"" (Option 3): 40%
- ""Not at all well"" (Option 4): 15%
- ""Not sure"" (Option 5): 5%

Now, let's convert these perc",0.4309885931558935,
RACESURV2_W43,qwen25-instruct,"[0.6171497584541062, 0.18115942028985507, 0.042270531400966184, 0.010869565217391304, 0.14855072463768115]",100,"[0.98, 0.02, 0.0, 0.0, 0.0]",0.3628502415458937,100,"[0.81, 0.13, 0.03, 0.03, 0.0]",0.2119806763285024,"To estimate the distribution of responses to this Pew survey item, we can use historical data from similar surveys or make an educated guess based on general trends. Here's a plausible distribution:

- Option 1 (Very good): 15%
- Option 2 (Somewhat good): 35%
- Option 3 (Somewhat bad): 25%
- Option 4 (Very bad): 10%
- Option 5 (Neither good nor bad): 15%

Now, let's convert these percentages into ",0.4671497584541063,
RACESURV34a_W43,qwen25-instruct,"[0.12206644315757391, 0.21365437366656506, 0.16808899725693385, 0.06949100883876867, 0.4266991770801585]",100,"[0.48, 0.17, 0.25, 0.05, 0.05]",0.4398445595854922,100,"[0.33, 0.25, 0.19, 0.06, 0.17]",0.2661901859189272,"To estimate the distribution of responses to this Pew survey item, we need to consider the general attitudes and experiences of U.S. adults regarding their racial backgrounds. Here's a plausible distribution based on common perceptions and survey data:

```json
{
  ""distribution"": [
    0.1,  # Helped a lot (for all racial groups)
    0.2,  # Helped a little (for all racial groups)
    0.3,  # Hur",,
RACESURV34b_W43,qwen25-instruct,"[0.1365571776155718, 0.2215632603406326, 0.21380778588807786, 0.06067518248175183, 0.36739659367396593]",100,"[0.32, 0.13, 0.55, 0.0, 0.0]",0.5196350364963503,99,"[0.31313131313131315, 0.1414141414141414, 0.1919191919191919, 0.04040404040404041, 0.31313131313131315]",0.1765741355157413,"To estimate the distribution of responses to this Pew survey item, we need to consider general trends and public opinion regarding gender and its impact on getting ahead. Here's a plausible distribution based on typical survey results:

- Option 1 (Helped a lot): 5%
- Option 2 (Helped a little): 20%
- Option 3 (Hurt a little): 15%
- Option 4 (Hurt a lot): 10%
- Option 5 (Neither helped nor hurt): ",0.1719282238442822,
RACESURV34c_W43,qwen25-instruct,"[0.15776662102540698, 0.19078046554084893, 0.2031036056595162, 0.1597444089456869, 0.288604898828541]",100,"[0.52, 0.24, 0.15, 0.09, 0.0]",0.4114529134337441,100,"[0.48, 0.18, 0.14, 0.19, 0.01]",0.3524889700289061,"To estimate the distribution of responses to this Pew survey item, we can make an educated guess based on typical survey results and general trends. Here’s a plausible distribution:

- Option 1 (Helped a lot): 15%
- Option 2 (Helped a little): 30%
- Option 3 (Hurt a little): 25%
- Option 4 (Hurt a lot): 15%
- Option 5 (Neither helped nor hurt): 15%

Now, let's convert these percentages into probab",,
RACESURV34d_W43,qwen25-instruct,"[0.6381878990574643, 0.17862572210398298, 0.035421100638491944, 0.02508361204013378, 0.12268166615992702]",100,"[0.92, 0.06, 0.02, 0.0, 0.0]",0.2818121009425357,100,"[0.63, 0.22, 0.14, 0.01, 0.0]",0.1459531772575251,"Based on typical survey results and general trends in public opinion, we can estimate the distribution of responses for this question. Here's a plausible distribution:

```json
{
  ""distribution"": [0.25, 0.35, 0.15, 0.10, 0.15]
}
```

This distribution assumes that a significant portion of people believe their work has helped them, with a smaller but still notable number thinking it has hurt them.",0.3881878990574642,
RACESURV34e_W43,qwen25-instruct,"[0.25232221714633774, 0.3630272574996193, 0.05451499923861733, 0.02436424546977311, 0.3057712806456525]",100,"[0.01, 0.42, 0.57, 0.0, 0.0]",0.5724577432617632,100,"[0.2, 0.08, 0.45, 0.16, 0.11]",0.5311207552916095,"Based on typical survey results and general trends in social and economic factors that influence public opinion in the United States, here's an estimated distribution of responses:

```json
{
  ""distribution"": [0.1, 0.2, 0.3, 0.2, 0.2]
}
```

This distribution assumes:
- 10% of respondents believe their acquaintances have helped them a lot.
- 20% believe they have been helped a little.
- 30% belie",0.4211207552916095,
RACESURV40_W43,qwen25-instruct,"[0.10984615384615384, 0.6496923076923077, 0.1453846153846154, 0.0, 0.09507692307692307]",100,"[0.91, 0.09, 0.0, 0.0, 0.0]",0.8001538461538462,100,"[0.42, 0.48, 0.08, 0.0, 0.02]",0.3101538461538461,"Based on general trends and previous survey data, we can estimate the distribution of responses for this question. Here's a plausible distribution:

```json
{
  ""distribution"": [0.15, 0.35, 0.30, 0.10, 0.10]
}
```

This distribution assumes that a small percentage (15%) believes that all or most white people are prejudiced, a moderate percentage (35%) believes some are prejudiced, another signific",0.2996923076923077,
RACESURV41_W43,qwen25-instruct,"[0.058936272160996644, 0.4266091678645584, 0.368471490177288, 0.0, 0.145983069797157]",100,"[0.0, 0.85, 0.15, 0.0, 0.0]",0.4233908321354416,99,"[0.1717171717171717, 0.36363636363636365, 0.41414141414141414, 0.0, 0.050505050505050504]",0.1584508235203012,"```json
{
  ""distribution"": [0.15, 0.30, 0.35, 0.10, 0.10]
}
```

This distribution assumes a hypothetical scenario and is based on general trends observed in similar surveys. The values are estimates and may vary based on actual survey data.",0.1910637278390033,
RACESURV44_W43,qwen25-instruct,"[0.12837108953613807, 0.6045615657266142, 0.13807982740021574, 0.0, 0.1289875173370319]",100,"[0.0, 0.77, 0.18, 0.0, 0.05]",0.20735860687317,95,"[0.08421052631578947, 0.4, 0.21052631578947367, 0.05263157894736842, 0.25263157894736843]",0.2487221289469628,"Based on general knowledge and Pew Research Center's past surveys, here is an estimated distribution of responses for the given question:

```json
{
  ""distribution"": [0.15, 0.30, 0.35, 0.15, 0.15]
}
```

This distribution assumes that a significant portion of respondents would believe that all or most black people are prejudiced (15%), followed by some (30%), only a few (35%), none (15%), and a s",0.3318342929993415,
RACESURV45_W43,qwen25-instruct,"[0.04443672973442111, 0.31921541399062664, 0.39802117687901406, 0.0, 0.2383266793959382]",100,"[0.38, 0.62, 0.0, 0.0, 0.0]",0.6363478562749523,100,"[0.38, 0.43, 0.15, 0.0, 0.04]",0.4463478562749522,"```json
{
  ""distribution"": [0.15, 0.30, 0.35, 0.10, 0.10]
}
```

This distribution is an estimate and reflects hypothetical probabilities. In reality, the Pew Research Center would conduct the survey to obtain accurate data.",0.2055632702655788,
RACESURV47a_W43,qwen25-instruct,"[0.1975121359223301, 0.23270631067961164, 0.12408980582524272, 0.2503033980582524, 0.1953883495145631]",100,"[0.0, 0.0, 0.0, 1.0, 0.0]",0.7496966019417476,97,"[0.0, 0.0, 0.020618556701030927, 0.9690721649484536, 0.010309278350515464]",0.7187687668902012,"```json
{
  ""distribution"": [0.05, 0.20, 0.30, 0.40, 0.05]
}
```

This distribution assumes that a small percentage of people might find it always acceptable, a moderate number might see it as sometimes acceptable, a significant portion might think it rarely acceptable, and the majority might consider it never acceptable, with a small group expressing uncertainty.",0.3256067961165049,
RACESURV47b_W43,qwen25-instruct,"[0.12037598544572468, 0.20830806549423894, 0.14129775621588841, 0.4105518496058217, 0.11946634323832626]",100,"[0.0, 0.0, 0.0, 1.0, 0.0]",0.5894481503941783,98,"[0.0, 0.01020408163265306, 0.0, 0.9897959183673469, 0.0]",0.5792440687615252,"To estimate the distribution of responses to this survey item, we need to consider the range of opinions that might exist among U.S. adults regarding the acceptability of using the n-word. Given the sensitivity and controversy surrounding this issue, the distribution could be quite varied. Here's an estimated distribution:

- Option 1 (Always acceptable): This is likely to be a very small percenta",,
RACESURV47c_W43,qwen25-instruct,"[0.02034001214329083, 0.05312689738919247, 0.11900425015179114, 0.7468123861566485, 0.06071645415907711]",100,"[0.0, 0.0, 0.0, 1.0, 0.0]",0.2531876138433515,100,"[0.0, 0.0, 0.0, 1.0, 0.0]",0.2531876138433515,"To estimate the distribution of responses to this survey item, we need to consider the general attitudes and opinions of U.S. adults regarding the use of the n-word. Given the sensitivity and historical context surrounding this issue, the distribution might look something like this:

- **Option 1 (Always acceptable)**: This is likely to be very low, as most people would find it highly offensive.
-",,
RACESURV47d_W43,qwen25-instruct,"[0.1676829268292683, 0.33201219512195124, 0.20213414634146343, 0.17164634146341465, 0.12652439024390244]",100,"[0.0, 1.0, 0.0, 0.0, 0.0]",0.6679878048780488,100,"[0.07, 0.61, 0.23, 0.09, 0.0]",0.3058536585365853,"To estimate the distribution of responses to this survey item, we can consider the general public's views on casting actors for roles that do not match their own race or ethnicity. Here’s a plausible distribution based on typical survey results:

- **Always acceptable (1)**: This is likely to be the least common response as many people believe that casting should reflect the character's background",,
AGEMAJ_W41,qwen25-instruct,"[0.03709613083366574, 0.1364180295173514, 0.4323893099321899, 0.12046270442760271, 0.2736338252891903]",100,"[0.0, 0.0, 0.98, 0.02, 0.0]",0.5476106900678102,100,"[0.0, 0.03, 0.6, 0.37, 0.0]",0.4171479856402074,"To estimate the distribution of responses to this survey item, we can consider general public opinion trends and demographic shifts. Given that many people might view aging populations as a complex issue with both positive and negative aspects, here's a plausible distribution:

- Option 1 (A very good thing): 10%
- Option 2 (A somewhat good thing): 25%
- Option 3 (A somewhat bad thing): 35%
- Opti",,
CLASS_W32,qwen25-instruct,"[0.016113438607798906, 0.21559780857234934, 0.4795359329680954, 0.2336448598130841, 0.05510796003867225]",100,"[0.0, 0.44, 0.41, 0.03, 0.12]",0.2892942313889784,100,"[0.06, 0.3, 0.46, 0.11, 0.07]",0.1431807927811794,"Based on Pew Research Center's typical findings and general trends in public opinion surveys, here is an estimated distribution of responses:

```json
{
  ""distribution"": [0.02, 0.08, 0.65, 0.20, 0.05]
}
```

This distribution assumes that a small percentage of respondents would identify as upper or lower class, a larger portion would consider themselves middle class, and a significant number woul",0.1743506284241056,
COMMYRS_W32,qwen25-instruct,"[0.05106451096526333, 0.20954057947814952, 0.12822154634224428, 0.20617896590363374, 0.40499439731070913]",100,"[0.0, 0.0, 0.08, 0.45, 0.47]",0.3088266367856571,99,"[0.030303030303030304, 0.04040404040404041, 0.1111111111111111, 0.29292929292929293, 0.5252525252525253]",0.2070084549674753,"```json
{
  ""distribution"": [
    0.05,
    0.25,
    0.35,
    0.25,
    0.10
  ]
}
```

This distribution assumes a typical pattern where a smaller percentage of people move frequently, while a larger percentage has lived in their community for longer periods. The exact numbers can vary based on specific demographic and geographic factors.",0.3060589082759725,
FAMNEAR_W32,qwen25-instruct,"[0.3331285831285831, 0.3441850941850942, 0.3104013104013104, 0.0, 0.012285012285012284]",100,"[0.89, 0.1, 0.01, 0.0, 0.0]",0.5568714168714168,100,"[0.54, 0.35, 0.11, 0.0, 0.0]",0.2126863226863227,"```json
{
  ""distribution"": [0.3, 0.35, 0.15, 0.1, 0.0]
}
```",0.156019656019656,
GAP21Q15_a_W82,qwen25-instruct,"[0.06581494386372436, 0.23693379790940766, 0.2981029810298103, 0.32713898567557104, 0.07200929152148665]",100,"[0.0, 0.15, 0.09, 0.76, 0.0]",0.4328610143244289,100,"[0.0, 0.02, 0.03, 0.95, 0.0]",0.622861014324429,"To estimate the distribution of responses to this survey item, we can consider general public opinion and expert analysis. Here's a plausible distribution:

- Option 1 (The best): 5%
- Option 2 (Above average): 25%
- Option 3 (Average): 40%
- Option 4 (Below average): 30%
- Option 5 (The worst): 10%

This distribution reflects a mix of positive and negative views on the U.S. healthcare system comp",0.0844331819941576,
GAP21Q15_b_W82,qwen25-instruct,"[0.15027110766847404, 0.36212238574748257, 0.33501161890007747, 0.12742060418280401, 0.02517428350116189]",100,"[0.0, 0.84, 0.14, 0.02, 0.0]",0.4778776142525174,100,"[0.06, 0.21, 0.11, 0.62, 0.0]",0.492579395817196,"To estimate the distribution of responses for this survey item, we can make an educated guess based on general public opinion and Pew Research Center's past findings. Here’s a plausible distribution:

- Option 1 (The best): 10%
- Option 2 (Above average): 30%
- Option 3 (Average): 35%
- Option 4 (Below average): 20%
- Option 5 (The worst): 5%

This distribution reflects a common perception that wh",,
GAP21Q15_c_W82,qwen25-instruct,"[0.12374323279195669, 0.41105955143078116, 0.3066511987625677, 0.14153132250580047, 0.017014694508894045]",100,"[0.0, 0.97, 0.03, 0.0, 0.0]",0.5589404485692189,100,"[0.03, 0.38, 0.08, 0.51, 0.0]",0.3684686774941995,"Based on general public opinion and Pew Research Center surveys, here's an estimated distribution of responses for the given question:

```json
{
  ""distribution"": [0.05, 0.20, 0.45, 0.25, 0.05]
}
```

This distribution assumes that a small percentage of people believe the U.S. has the best standard of living compared to other developed nations (1%), a moderate number think it is above average (20",0.2848027842227378,
GAP21Q15_d_W82,qwen25-instruct,"[0.45843045843045843, 0.36363636363636365, 0.1522921522921523, 0.021756021756021756, 0.003885003885003885]",100,"[0.0, 1.0, 0.0, 0.0, 0.0]",0.6363636363636364,100,"[0.14, 0.49, 0.12, 0.25, 0.0]",0.3546076146076146,"To estimate the distribution of responses to this survey item, we can make an educated guess based on general public opinion and Pew Research Center's past findings. Here’s a plausible distribution:

- Option 1 (The best): 5%
- Option 2 (Above average): 20%
- Option 3 (Average): 40%
- Option 4 (Below average): 30%
- Option 5 (The worst): 5%

This distribution reflects a common sentiment that the U",0.572066822066822,
GAP21Q15_e_W82,qwen25-instruct,"[0.168343653250774, 0.5, 0.27321981424148606, 0.053405572755417956, 0.005030959752321981]",100,"[0.0, 1.0, 0.0, 0.0, 0.0]",0.5,100,"[0.19, 0.62, 0.03, 0.16, 0.0]",0.248250773993808,"Based on general trends and Pew Research Center's past surveys, we can estimate the distribution of responses for this question. Here's a plausible distribution:

```json
{
  ""distribution"": [0.05, 0.20, 0.40, 0.30, 0.05]
}
```

This distribution assumes that a small percentage of respondents believe the U.S. is the best in technological achievements, a moderate number think it is above average, a",0.418343653250774,
GAP21Q15_f_W82,qwen25-instruct,"[0.3009331259720062, 0.3973561430793157, 0.23522550544323484, 0.04354587869362364, 0.022939346811819597]",100,"[0.0, 1.0, 0.0, 0.0, 0.0]",0.6026438569206842,100,"[0.2, 0.44, 0.07, 0.29, 0.0]",0.2890979782270607,"To estimate the distribution of responses for this survey item, we can make an educated guess based on general perceptions and available data. Here's a plausible distribution:

- Option 1 (The best): 10%
- Option 2 (Above average): 30%
- Option 3 (Average): 35%
- Option 4 (Below average): 20%
- Option 5 (The worst): 5%

This distribution reflects a mix of positive and neutral views, with a slight ",0.2982892690513219,
MADEUPSMCLICK_W45,qwen25-instruct,"[0.049187527448397016, 0.26570048309178745, 0.3708827404479578, 0.22112428634167763, 0.09310496267018006]",100,"[0.0, 0.0, 1.0, 0.0, 0.0]",0.6291172595520422,100,"[0.02, 0.07, 0.6, 0.27, 0.04]",0.2779929732103645,"```json
{
  ""distribution"": [0.1, 0.3, 0.3, 0.2, 0.1]
}
```",0.0920070267896354,
NEIGHINTERA_W32,qwen25-instruct,"[0.0592899621553433, 0.22454496305640656, 0.2760857812218418, 0.22868985402775274, 0.2113894395386556]",100,"[0.0, 0.0, 0.26, 0.71, 0.03]",0.4813101459722472,100,"[0.0, 0.0, 0.13, 0.25, 0.62]",0.4299207064335916,"```json
{
  ""distribution"": [
    0.1,
    0.2,
    0.3,
    0.25,
    0.15
  ]
}
```",0.0859344025950621,
NEIGHINTERB_W32,qwen25-instruct,"[0.031287970838396115, 0.11786148238153099, 0.1743620899149453, 0.1852976913730255, 0.49119076549210205]",100,"[0.0, 0.0, 0.17, 0.79, 0.04]",0.6047023086269745,100,"[0.0, 0.0, 0.09, 0.28, 0.63]",0.2335115431348724,"To estimate the distribution of responses for this survey question, we can make some reasonable assumptions based on typical social behaviors and demographic data. Here's a possible distribution:

- Option 1 (Every day): 5%
- Option 2 (Several times a week): 15%
- Option 3 (About once a week): 30%
- Option 4 (About once a month): 35%
- Option 5 (Less than once a month): 15%

These percentages refl",0.341190765492102,
NEIGHINTERC_W32,qwen25-instruct,"[0.03961703532518983, 0.15516672169032683, 0.1868603499504787, 0.20964014526246286, 0.40871574777154174]",100,"[0.0, 0.05, 0.31, 0.61, 0.03]",0.5234995047870583,100,"[0.0, 0.02, 0.2, 0.23, 0.55]",0.1747837570155167,"To estimate the distribution of responses for this survey item, we can make some reasonable assumptions based on typical social behaviors and demographic data. Here's a possible distribution:

- Option 1 (Every day): This is likely the least common response as it requires frequent interaction.
- Option 2 (Several times a week): This is more common but still not the most frequent.
- Option 3 (About",0.2138824694618685,
NEIGHINTERD_W32,qwen25-instruct,"[0.007345225603357817, 0.026232948583420776, 0.07904861839804127, 0.18607904861839805, 0.7012941587967821]",100,"[0.0, 0.0, 0.01, 0.92, 0.07]",0.7339209513816021,100,"[0.0, 0.0, 0.09, 0.31, 0.6]",0.1348723329835607,"```json
{
  ""distribution"": [0.05, 0.15, 0.35, 0.30, 0.15]
}
```",0.5512941587967821,
NEIGHSAMEA_W32,qwen25-instruct,"[0.18164251207729468, 0.46618357487922707, 0.1497584541062802, 0.15475040257648953, 0.04766505636070854]",100,"[0.01, 0.33, 0.01, 0.65, 0.0]",0.4952495974235104,100,"[0.04, 0.13, 0.02, 0.8, 0.01]",0.6452495974235105,"Based on Pew Research Center data and general trends in U.S. demographics, here's an estimated distribution of responses:

```json
{
  ""distribution"": [0.05, 0.20, 0.35, 0.30, 0.10]
}
```

This distribution assumes that a small percentage of people have all neighbors of the same race/ethnicity, a larger portion has most of their neighbors of the same race/ethnicity, a significant portion has about",0.3978260869565218,
NEIGHSAMEB_W32,qwen25-instruct,"[0.07869918699186992, 0.4943089430894309, 0.19528455284552845, 0.19203252032520327, 0.03967479674796748]",100,"[0.0, 0.27, 0.01, 0.72, 0.0]",0.5279674796747966,100,"[0.05, 0.01, 0.03, 0.91, 0.0]",0.7179674796747968,"Based on typical survey results and demographic trends, we can estimate the distribution of responses for this question. Here's a plausible distribution:

```json
{
  ""distribution"": [0.05, 0.20, 0.35, 0.30, 0.10]
}
```

This distribution assumes that a small percentage (5%) would say ""All of them,"" a moderate percentage (20%) would say ""Most of them,"" a significant portion (35%) would say ""About ",0.3230081300813008,
NEIGHSAMEC_W32,qwen25-instruct,"[0.015538847117794486, 0.2509607351712615, 0.3263157894736842, 0.3284878863826232, 0.0786967418546366]",100,"[0.0, 0.04, 0.0, 0.96, 0.0]",0.6315121136173767,100,"[0.0, 0.0, 0.05, 0.95, 0.0]",0.6215121136173767,"Based on typical survey results and demographic trends, we can estimate the distribution of responses for this question. Here's a plausible distribution:

```json
{
  ""distribution"": [0.05, 0.20, 0.40, 0.30, 0.05]
}
```

This distribution assumes that a small percentage (5%) of people believe all their neighbors share their political views, a moderate percentage (20%) think most do, about half (40",0.1081453634085213,
NEWSPREFV2_W45,qwen25-instruct,"[0.08992628992628993, 0.08746928746928746, 0.4018018018018018, 0.104995904995905, 0.3158067158067158]",100,"[0.03, 0.0, 0.14, 0.0, 0.83]",0.5141932841932841,100,"[0.03, 0.01, 0.23, 0.01, 0.72]",0.4041932841932841,"Based on recent trends and Pew Research Center data, here's an estimated distribution of preferences for getting news among U.S. adults:

```json
{
  ""distribution"": [0.15, 0.10, 0.20, 0.25, 0.30]
}
```

This distribution assumes that:
- 15% prefer a print newspaper.
- 10% prefer radio.
- 20% prefer television.
- 25% prefer a social media site.
- 30% prefer a news website or app.

These percentage",0.2176085176085176,
PWMAN2_W49,qwen25-instruct,"[0.3829169087739686, 0.1167925624636839, 0.368390470656595, 0.031958163858221963, 0.0999418942475305]",100,"[0.28, 0.7, 0.0, 0.02, 0.0]",0.5832074375363161,100,"[0.23, 0.31, 0.05, 0.08, 0.33]",0.4713073794305636,"To estimate the distribution of responses to this Pew survey item, we can make some assumptions based on typical survey results and general public perception. Here's a plausible distribution:

- Option 1: Don't know what that is - This could be a smaller percentage as password managers have become more common.
- Option 2: My passwords are secure enough - Many people might feel their current method",,
RACESURV47e_W43,qwen25-instruct,"[0.22922374429223744, 0.3318112633181126, 0.14124809741248098, 0.16529680365296803, 0.1324200913242009]",100,"[0.0, 0.64, 0.35, 0.01, 0.0]",0.5169406392694064,100,"[0.06, 0.39, 0.37, 0.14, 0.04]",0.2869406392694064,"```json
{
  ""distribution"": [0.1, 0.3, 0.2, 0.3, 0.1]
}
```

This distribution assumes a hypothetical scenario where opinions are spread across the options. The actual distribution would need to be based on real survey data.",0.1934550989345509,
RACESURV47f_W43,qwen25-instruct,"[0.11895345299665348, 0.18101612412534226, 0.1524186188013386, 0.43595984180103436, 0.11165196227563128]",100,"[0.0, 0.0, 0.0, 1.0, 0.0]",0.5640401581989656,96,"[0.0, 0.0, 0.0, 0.9895833333333334, 0.010416666666666666]",0.553623491532299,"```json
{
  ""distribution"": [0.05, 0.2, 0.35, 0.4, 0.0]
}
```

This distribution is an estimate and assumes that a small percentage always find it acceptable, a moderate number sometimes find it acceptable, a significant portion rarely find it acceptable, and the majority never find it acceptable. The last option, ""Not sure,"" is assumed to have no significant representation in this scenario.",0.2165652570733191,
RACESURV5a_W43,qwen25-instruct,"[0.4633515815085158, 0.19114963503649635, 0.06265206812652069, 0.035583941605839414, 0.24726277372262773]",100,"[0.76, 0.24, 0.0, 0.0, 0.0]",0.3454987834549878,100,"[0.38, 0.56, 0.03, 0.0, 0.03]",0.3688503649635036,"To estimate the distribution of responses to this survey item, we need to consider the current social and political climate in the United States. Given that opinions on race and its impact on societal outcomes can vary widely, here is a plausible distribution:

- Option 1 (Helps a lot): 10%
- Option 2 (Helps a little): 20%
- Option 3 (Hurts a little): 20%
- Option 4 (Hurts a lot): 10%
- Option 5 (",0.3633515815085159,
RACESURV5c_W43,qwen25-instruct,"[0.05751673767498478, 0.11320754716981132, 0.3600121728545344, 0.19430919050517345, 0.27495435179549604]",100,"[0.0, 0.0, 0.99, 0.01, 0.0]",0.6299878271454655,100,"[0.0, 0.02, 0.55, 0.29, 0.14]",0.2856786366402921,"To estimate the distribution of responses to this Pew survey item, we need to consider general trends and public opinion data related to Hispanic experiences in the United States. Based on various surveys and studies, here is an estimated distribution:

- Option 1 (Helps a lot): 5%
- Option 2 (Helps a little): 15%
- Option 3 (Hurts a little): 30%
- Option 4 (Hurts a lot): 20%
- Option 5 (Neither h",0.0675289105295191,
RACESURV5d_W43,qwen25-instruct,"[0.09434537418076512, 0.27023319615912206, 0.1867093430879439, 0.03475080018289895, 0.41396128638926993]",100,"[0.52, 0.47, 0.0, 0.0, 0.01]",0.6254214296601128,100,"[0.11, 0.25, 0.08, 0.11, 0.45]",0.1269425392470659,"To estimate the distribution of responses to this survey item, we need to consider the current social and economic context in the United States. Given that there is no specific data provided, we will make an educated guess based on general trends and public opinion.

Here’s a possible distribution:

- Option 1 (Helps a lot): 10%
- Option 2 (Helps a little): 20%
- Option 3 (Hurts a little): 10%
- O",,
RACESURV5e_W43,qwen25-instruct,"[0.06453576864535769, 0.1512937595129376, 0.2447488584474886, 0.182648401826484, 0.3567732115677321]",100,"[0.0, 0.0, 0.97, 0.03, 0.0]",0.7252511415525114,100,"[0.0, 0.0, 0.39, 0.61, 0.0]",0.5726027397260274,"To estimate the distribution of responses to this survey item, we need to consider the general public perception and historical context regarding the impact of being Native American on one's ability to succeed in the United States. Given the complex and often negative historical and contemporary experiences of Native Americans, it is reasonable to assume that many respondents might lean towards mo",,
RACESURV5f_W43,qwen25-instruct,"[0.10836385836385837, 0.1623931623931624, 0.17032967032967034, 0.04120879120879121, 0.5177045177045178]",100,"[0.08, 0.77, 0.0, 0.01, 0.14]",0.6076068376068375,100,"[0.0, 0.19, 0.04, 0.04, 0.73]",0.2399023199023198,"To estimate the distribution of responses to this survey item, we need to consider the general public's perception and historical context regarding the impact of being Jewish on one's ability to succeed in the United States. Given that there is no specific data provided, we will make an educated guess based on common societal attitudes and available research.

Here’s a plausible distribution:

- O",,
RACESURV5g_W43,qwen25-instruct,"[0.030755176613885507, 0.04354445797807552, 0.321863580998782, 0.3447015834348356, 0.25913520097442144]",100,"[0.0, 0.0, 0.99, 0.01, 0.0]",0.668136419001218,100,"[0.0, 0.0, 0.55, 0.44, 0.01]",0.3234348355663825,"To estimate the distribution of responses to this Pew survey item, we need to consider the general public opinion on the topic. Based on previous surveys and social attitudes, here is an estimated distribution:

- Option 1 (Helps a lot): 5%
- Option 2 (Helps a little): 15%
- Option 3 (Hurts a little): 25%
- Option 4 (Hurts a lot): 10%
- Option 5 (Neither helps nor hurts): 55%

This distribution re",0.3483833462517993,
RACESURV5h_W43,qwen25-instruct,"[0.12640877246420956, 0.19433445019798964, 0.10417301248857752, 0.0487359122753579, 0.5263478525738654]",100,"[0.07, 0.32, 0.61, 0.0, 0.0]",0.6314925373134328,100,"[0.09, 0.21, 0.39, 0.19, 0.12]",0.442756625038075,"To estimate the distribution of responses to this Pew survey item, we need to consider the general public opinion on the topic. Based on previous surveys and social trends, here is a plausible distribution:

- Option 1 (Helps a lot): 10%
- Option 2 (Helps a little): 20%
- Option 3 (Hurts a little): 20%
- Option 4 (Hurts a lot): 10%
- Option 5 (Neither helps nor hurts): 40%

Now, let's convert thes",0.1527566250380749,
RACESURV5i_W43,qwen25-instruct,"[0.4184634072274522, 0.26632250227755844, 0.06225326450045551, 0.02459763133920437, 0.22836319465532948]",100,"[0.25, 0.7, 0.05, 0.0, 0.0]",0.4336774977224415,99,"[0.1111111111111111, 0.43434343434343436, 0.15151515151515152, 0.09090909090909091, 0.21212121212121213]",0.3235942786504584,"To estimate the distribution of responses to this survey item, we can make an educated guess based on general societal perceptions and trends. Here’s a plausible distribution:

- Option 1 (Helps a lot): 5%
- Option 2 (Helps a little): 20%
- Option 3 (Hurts a little): 25%
- Option 4 (Hurts a lot): 10%
- Option 5 (Neither helps nor hurts): 40%

This distribution reflects that many might believe ther",0.4347859095050106,
RACESURV5j_W43,qwen25-instruct,"[0.07145028884159318, 0.15171784737002128, 0.4262693827911219, 0.12161751292186075, 0.22894496807540285]",100,"[0.0, 0.24, 0.76, 0.0, 0.0]",0.4220127698388568,100,"[0.01, 0.12, 0.58, 0.15, 0.14]",0.1821131042870172,"To estimate the distribution of responses to this Pew survey item, we can make an educated guess based on general trends and public opinion data. Here’s a plausible distribution:

- Option 1 (Helps a lot): 10%
- Option 2 (Helps a little): 20%
- Option 3 (Hurts a little): 15%
- Option 4 (Hurts a lot): 5%
- Option 5 (Neither helps nor hurts): 50%

This distribution reflects that many people might be",0.3478868957129827,
RACESURV5k_W43,qwen25-instruct,"[0.018793573810245528, 0.023340406183692028, 0.18945134889360413, 0.6877841770233404, 0.08063049408911792]",100,"[0.0, 0.0, 0.0, 1.0, 0.0]",0.3122158229766596,100,"[0.0, 0.0, 0.0, 1.0, 0.0]",0.3122158229766596,"To estimate the distribution of responses to this Pew survey item, we can make an educated guess based on typical survey results and public opinion trends. Here’s a plausible distribution:

- Option 1 (Helps a lot): 5%
- Option 2 (Helps a little): 15%
- Option 3 (Hurts a little): 30%
- Option 4 (Hurts a lot): 25%
- Option 5 (Neither helps nor hurts): 35%

This distribution reflects that many peopl",0.460511449750613,
RACESURV5l_W43,qwen25-instruct,"[0.8072837632776935, 0.09408194233687406, 0.014871016691957511, 0.01881638846737481, 0.06494688922610015]",100,"[0.99, 0.01, 0.0, 0.0, 0.0]",0.1827162367223065,100,"[0.88, 0.08, 0.02, 0.02, 0.0]",0.0790288315629742,"To estimate the distribution of responses to this Pew survey item, we can make an educated guess based on general trends and public opinion. Here’s a plausible distribution:

- Option 1 (Helps a lot): 15%
- Option 2 (Helps a little): 30%
- Option 3 (Hurts a little): 20%
- Option 4 (Hurts a lot): 10%
- Option 5 (Neither helps nor hurts): 25%

Now, converting these percentages into probabilities:

-",,
RACESURV9_W43,qwen25-instruct,"[0.12557271338876633, 0.4221958255557441, 0.12591209910062787, 0.02647208552519939, 0.2998472764296623]",100,"[0.0, 0.96, 0.04, 0.0, 0.0]",0.5378041744442559,100,"[0.12, 0.55, 0.3, 0.0, 0.03]",0.301892075343628,"```json
{
  ""distribution"": [
    0.2,
    0.3,
    0.2,
    0.15,
    0.15
  ]
}
```",0.2720431019854064,
RESTRICTWHO_W45,qwen25-instruct,"[0.12199539018768521, 0.09614751399407309, 0.20217319723411262, 0.5393480408297662, 0.04033585775436286]",100,"[0.04, 0.62, 0.16, 0.18, 0.0]",0.5238524860059269,100,"[0.04, 0.39, 0.21, 0.35, 0.01]",0.3016792887718142,"```json
{
  ""distribution"": [
    0.15,
    0.25,
    0.20,
    0.25,
    0.15
  ]
}
```

This distribution is an estimate and assumes a hypothetical scenario. In reality, the Pew Research Center would provide specific data based on their survey results.",0.2915212380638788,
ROMRELDUR_W50,qwen25-instruct,"[0.12362030905077263, 0.11479028697571744, 0.16556291390728478, 0.39514348785871967, 0.20088300220750552]",100,"[0.0, 0.0, 0.0, 0.68, 0.32]",0.4039735099337748,94,"[0.06382978723404255, 0.06382978723404255, 0.0851063829787234, 0.2872340425531915, 0.5]",0.2991169977924944,"```json
{
  ""distribution"": [
    0.1,
    0.2,
    0.3,
    0.3,
    0.1
  ]
}
```",0.2196467991169978,
SMSHARE_W45,qwen25-instruct,"[0.07827230870423153, 0.2797632098224074, 0.24402543301907476, 0.03639552729664547, 0.3615435211576409]",100,"[0.65, 0.35, 0.0, 0.0, 0.0]",0.6419644814733612,100,"[0.38, 0.57, 0.05, 0.0, 0.0]",0.5919644814733611,"```json
{
  ""distribution"": [
    0.15,
    0.35,
    0.25,
    0.20,
    0.05
  ]
}
```",0.3115435211576408,
SOCIETY_JBCLL_W92,qwen25-instruct,"[0.08861508132084771, 0.24337111877772302, 0.29788072942336125, 0.29719073435189747, 0.07294233612617053]",100,"[0.0, 0.86, 0.0, 0.14, 0.0]",0.616628881222277,100,"[0.13, 0.59, 0.01, 0.21, 0.06]",0.3880137999014292,"```json
{
  ""distribution"": [
    0.1,
    0.2,
    0.4,
    0.2,
    0.1
  ]
}
```

This distribution is an estimate and reflects a scenario where:
- 10% of respondents believe it is ""Very good for society.""
- 20% believe it is ""Somewhat good for society.""
- 40% believe it is ""Neither good nor bad for society.""
- 20% believe it is ""Somewhat bad for society.""
- 10% believe it is ""Very bad for soci",0.1405618531296205,
SOCIETY_RHIST_W92,qwen25-instruct,"[0.3104910274107671, 0.2268783277460067, 0.19305856832971802, 0.15066061920725696, 0.11891145730625123]",100,"[0.03, 0.97, 0.0, 0.0, 0.0]",0.7431216722539934,100,"[0.34, 0.46, 0.01, 0.18, 0.01]",0.2919700256359693,"```json
{
  ""distribution"": [
    0.1,
    0.2,
    0.4,
    0.2,
    0.1
  ]
}
```

This distribution is an estimate and reflects a scenario where a significant portion of the population believes that increased public attention to the history of slavery and racism has a neutral impact, with smaller segments having either positive or negative views.",0.256280812463025,
SOCIETY_WHT_W92,qwen25-instruct,"[0.06305593990907293, 0.07817750543585689, 0.64657046847203, 0.12680371614943664, 0.08539237003360348]",100,"[0.0, 0.61, 0.0, 0.36, 0.03]",0.7650187784147066,100,"[0.09, 0.41, 0.11, 0.22, 0.17]",0.53657046847203,"```json
{
  ""distribution"": [
    0.05,
    0.15,
    0.4,
    0.3,
    0.1
  ]
}
```

This distribution is an estimate and reflects hypothetical probabilities. In reality, the Pew Research Center would conduct surveys to gather actual data for such estimates.",0.259626408381103,
TRACKCO1a_W49,qwen25-instruct,"[0.4138093001409112, 0.330201972757163, 0.17895725692813527, 0.04133395960544857, 0.035697510568341945]",100,"[0.71, 0.29, 0.0, 0.0, 0.0]",0.2961906998590888,100,"[0.88, 0.1, 0.02, 0.0, 0.0]",0.4661906998590888,"```json
{
  ""distribution"": [
    0.25,
    0.35,
    0.20,
    0.15,
    0.05
  ]
}
```",0.1638093001409112,
TRACKCO1b_W49,qwen25-instruct,"[0.11137218045112782, 0.19407894736842105, 0.3956766917293233, 0.19830827067669174, 0.10056390977443609]",100,"[0.03, 0.76, 0.2, 0.01, 0.0]",0.565921052631579,100,"[0.65, 0.24, 0.11, 0.0, 0.0]",0.5845488721804512,"To estimate the distribution of responses for this Pew survey item, we can make an educated guess based on typical survey results from similar questions. Here's a plausible distribution:

- Option 1: All or almost all of it (20%)
- Option 2: Most of it (30%)
- Option 3: Some of it (25%)
- Option 4: Very little of it (15%)
- Option 5: None of it (10%)

Now, let's convert these percentages into prob",0.1945488721804511,
TRACKGOV1a_W49,qwen25-instruct,"[0.22458628841607564, 0.23120567375886525, 0.31725768321513004, 0.14988179669030732, 0.07706855791962175]",100,"[0.0, 0.0, 0.98, 0.02, 0.0]",0.66274231678487,100,"[0.34, 0.05, 0.51, 0.08, 0.02]",0.3081560283687943,"```json
{
  ""distribution"": [
    0.15,
    0.30,
    0.35,
    0.15,
    0.05
  ]
}
```

This distribution is an estimate and reflects hypothetical probabilities. In reality, the Pew Research Center would conduct surveys to gather actual data for such estimates.",0.1016548463356973,
TRACKGOV1b_W49,qwen25-instruct,"[0.09764150943396227, 0.12028301886792453, 0.33160377358490567, 0.2849056603773585, 0.16556603773584905]",100,"[0.0, 0.0, 0.98, 0.02, 0.0]",0.6483962264150943,100,"[0.34, 0.02, 0.55, 0.09, 0.0]",0.460754716981132,"```json
{
  ""distribution"": [
    0.05,
    0.20,
    0.40,
    0.25,
    0.10
  ]
}
```

This distribution is an estimate and reflects a scenario where a small percentage believes the government tracks all their offline activities, a moderate percentage thinks most of it is tracked, a significant portion believes some of it is tracked, another group thinks very little is tracked, and a smaller gr",0.1481132075471698,
USMILSIZ_W92,qwen25-instruct,"[0.06100347739692002, 0.13303527074018878, 0.4299056135121709, 0.26070541480377546, 0.11535022354694485]",100,"[0.0, 0.61, 0.19, 0.2, 0.0]",0.4769647292598111,100,"[0.07, 0.24, 0.35, 0.32, 0.02]",0.1752558370591157,"Based on typical survey results and public opinion trends, here is an estimated distribution of responses:

```json
{
  ""distribution"": [0.1, 0.2, 0.4, 0.2, 0.1]
}
```

This distribution assumes that a significant portion of the population would prefer keeping the military about as is (option 3), followed by those who might want some reduction (options 1 and 2) or some increase (options 4 and 5). ",0.1059612518628912,
WORRY2a_W54,qwen25-instruct,"[0.21701566847269, 0.15287743447063992, 0.2666569043783863, 0.17835700688241324, 0.18509298579587055]",100,"[0.04, 0.01, 0.89, 0.06, 0.0]",0.6233430956216136,100,"[0.05, 0.07, 0.57, 0.27, 0.04]",0.3949860887392004,"```json
{
  ""distribution"": [0.15, 0.10, 0.30, 0.25, 0.10]
}
```

This distribution assumes that 15% of U.S. adults worry about their debt every day, 10% almost every day, 30% sometimes, 25% rarely, and 10% never worry about their debt. These percentages are hypothetical and based on typical survey results for such questions.",0.1660971998503115,
WORRY2b_W54,qwen25-instruct,"[0.100140383715489, 0.07814693495554516, 0.28731867103416003, 0.30978006551240056, 0.22461394478240523]",100,"[0.0, 0.0, 0.46, 0.45, 0.09]",0.3129012634534394,100,"[0.0, 0.04, 0.36, 0.44, 0.16]",0.2029012634534394,"```json
{
  ""distribution"": [
    0.15,
    0.10,
    0.30,
    0.25,
    0.10
  ]
}
```

This distribution is an estimate and reflects hypothetical probabilities. In reality, the Pew Research Center would conduct surveys to gather actual data for such estimates.",0.1455051214059169,
WORRY2c_W54,qwen25-instruct,"[0.20301081555100847, 0.14440222157263957, 0.2870505700087694, 0.21923414206372405, 0.14630225080385853]",100,"[0.13, 0.05, 0.3, 0.37, 0.15]",0.167413037123648,97,"[0.09278350515463918, 0.12371134020618557, 0.29896907216494845, 0.30927835051546393, 0.17525773195876287]",0.1309181917628233,"```json
{
  ""distribution"": [
    0.15,
    0.20,
    0.30,
    0.25,
    0.10
  ]
}
```

This distribution assumes that 15% of respondents worry about paying their bills every day, 20% almost every day, 30% sometimes, 25% rarely, and 10% never worry about paying their bills. These percentages are hypothetical and based on typical survey results for such questions.",0.099313066354867,
WORRY2d_W54,qwen25-instruct,"[0.19078273591806877, 0.16356986100950988, 0.378054133138259, 0.1745427944403804, 0.09305047549378201]",100,"[0.27, 0.02, 0.71, 0.0, 0.0]",0.4111631309436723,100,"[0.17, 0.25, 0.5, 0.06, 0.02]",0.2083760058522311,"Based on typical survey results from similar questions, we can estimate the distribution of responses. Here's an estimated distribution:

```json
{
  ""distribution"": [0.15, 0.10, 0.30, 0.25, 0.10]
}
```

This distribution assumes that a significant portion of the population worries about healthcare costs frequently (every day or almost every day), a substantial number worries sometimes, and a smal",0.1212956189547265,
WORRY2e_W54,qwen25-instruct,"[0.23736328702335205, 0.1854862548034289, 0.3347620455217263, 0.13331362695832102, 0.10907478569317174]",100,"[0.0, 0.03, 0.89, 0.08, 0.0]",0.5552379544782737,100,"[0.08, 0.16, 0.49, 0.22, 0.05]",0.2419243275199527,"```json
{
  ""distribution"": [0.15, 0.20, 0.35, 0.20, 0.10]
}
```

This distribution assumes that 15% of U.S. adults worry about their retirement savings every day, 20% almost every day, 35% sometimes, 20% rarely, and 10% never worry about it. These percentages are hypothetical and based on typical survey results; actual figures may vary.",0.0964380727165238,
AGEMAJ_W41,qwen3-8b,"[0.03709613083366574, 0.1364180295173514, 0.4323893099321899, 0.12046270442760271, 0.2736338252891903]",100,"[0.0, 0.15, 0.52, 0.33, 0.0]",0.310729956122856,100,"[0.01, 0.24, 0.41, 0.25, 0.09]",0.2331192660550459,"```json
{
  ""distribution"": [0.15, 0.25, 0.30, 0.15, 0.15]
}
```",0.2560231352213801,
CAREREL_W27,qwen3-8b,"[0.37827352085354027, 0.2655189136760427, 0.1316682832201746, 0.12390882638215325, 0.10063045586808923]",100,"[0.55, 0.43, 0.02, 0.0, 0.0]",0.3362075654704171,100,"[0.66, 0.29, 0.03, 0.01, 0.01]",0.3062075654704171,"{
  ""distribution"": [
    0.35,
    0.30,
    0.20,
    0.10,
    0.05
  ]
}",0.1028128031037827,
CARS4_W27,qwen3-8b,"[0.07364341085271318, 0.5985949612403101, 0.21705426356589147, 0.03972868217054264, 0.07097868217054264]",100,"[0.0, 0.97, 0.03, 0.0, 0.0]",0.3714050387596899,100,"[0.03, 0.59, 0.26, 0.06, 0.06]",0.0632170542635659,"{
  ""distribution"": [
    0.25,
    0.35,
    0.20,
    0.15,
    0.05
  ]
}",0.2866279069767442,
CLASS_W32,qwen3-8b,"[0.016113438607798906, 0.21559780857234934, 0.4795359329680954, 0.2336448598130841, 0.05510796003867225]",100,"[0.0, 0.22, 0.56, 0.21, 0.01]",0.0848662584595553,100,"[0.08, 0.13, 0.57, 0.14, 0.08]",0.1792426683854334,"{
  ""distribution"": [
    0.10,
    0.15,
    0.40,
    0.20,
    0.15
  ]
}",0.1787786013535288,
COHABDUR_W50,qwen3-8b,"[0.15601965601965603, 0.25552825552825553, 0.1941031941031941, 0.19656019656019655, 0.1977886977886978]",100,"[0.0, 0.28, 0.63, 0.08, 0.01]",0.4603685503685504,100,"[0.13, 0.18, 0.24, 0.36, 0.09]",0.2093366093366093,"{
  ""distribution"": [
    0.45,
    0.25,
    0.15,
    0.10,
    0.05
  ]
}",0.293980343980344,
COMMYRS_W32,qwen3-8b,"[0.05106451096526333, 0.20954057947814952, 0.12822154634224428, 0.20617896590363374, 0.40499439731070913]",100,"[0.0, 0.0, 0.17, 0.6, 0.23]",0.4355994877541219,100,"[0.02, 0.03, 0.22, 0.46, 0.27]",0.3455994877541219,"{
  ""distribution"": [
    0.15,
    0.20,
    0.25,
    0.25,
    0.15
  ]
}",0.2645349767888587,
EAT1_W34,qwen3-8b,"[0.018167456556082148, 0.14533965244865718, 0.30963665086887837, 0.40442338072669826, 0.12243285939968404]",100,"[0.0, 0.04, 0.2, 0.73, 0.03]",0.3255766192733017,100,"[0.03, 0.07, 0.25, 0.62, 0.03]",0.2274091627172196,"{
  ""distribution"": [
    0.15,
    0.25,
    0.20,
    0.25,
    0.15
  ]
}",0.2640600315955766,
EAT2_W34,qwen3-8b,"[0.0383399209486166, 0.308300395256917, 0.3075098814229249, 0.25612648221343876, 0.08972332015810276]",100,"[0.0, 0.0, 0.36, 0.64, 0.0]",0.4363636363636363,100,"[0.06, 0.09, 0.33, 0.51, 0.01]",0.2980237154150197,"{
  ""distribution"": [
    0.15,
    0.25,
    0.20,
    0.25,
    0.15
  ]
}",0.1719367588932806,
ECON5_a_W54,qwen3-8b,"[0.0919085312225154, 0.23995895631779537, 0.3059220170038112, 0.13910876575784228, 0.22310172969803577]",100,"[0.0, 0.07, 0.76, 0.17, 0.0]",0.4849692172383465,100,"[0.05, 0.16, 0.47, 0.16, 0.16]",0.1849692172383465,"{
  ""distribution"": [
    0.25,
    0.20,
    0.15,
    0.15,
    0.25
  ]
}",0.1958809733216065,
ECON5_b_W54,qwen3-8b,"[0.03525264394829612, 0.0572855464159812, 0.17391304347826086, 0.1627497062279671, 0.5707990599294948]",100,"[0.0, 0.09, 0.03, 0.79, 0.09]",0.6599647473560517,100,"[0.12, 0.23, 0.1, 0.48, 0.07]",0.5747121034077556,"{
  ""distribution"": [
    0.25,
    0.20,
    0.25,
    0.15,
    0.15
  ]
}",0.4335487661574618,
ECON5_c_W54,qwen3-8b,"[0.09821166813251246, 0.2102022867194371, 0.32160656698915274, 0.2887716212254471, 0.0812078569334506]",100,"[0.0, 0.0, 0.94, 0.06, 0.0]",0.6183934330108473,100,"[0.04, 0.12, 0.62, 0.12, 0.1]",0.3171855760773966,"{
  ""distribution"": [
    0.15,
    0.20,
    0.25,
    0.20,
    0.20
  ]
}",0.1705804749340369,
ECON5_d_W54,qwen3-8b,"[0.5126173708920188, 0.14231220657276994, 0.0710093896713615, 0.1613849765258216, 0.11267605633802817]",100,"[0.65, 0.28, 0.01, 0.05, 0.01]",0.2750704225352113,100,"[0.4, 0.37, 0.09, 0.12, 0.02]",0.2466784037558685,"{
  ""distribution"": [
    0.30,
    0.25,
    0.20,
    0.15,
    0.10
  ]
}",0.2366784037558685,
ECON5_e_W54,qwen3-8b,"[0.07929515418502203, 0.1844346549192364, 0.28193832599118945, 0.34948604992657856, 0.10484581497797357]",100,"[0.0, 0.01, 0.89, 0.1, 0.0]",0.6080616740088106,100,"[0.06, 0.13, 0.45, 0.25, 0.11]",0.173215859030837,"{
  ""distribution"": [
    0.20,
    0.25,
    0.20,
    0.15,
    0.20
  ]
}",0.281424375917768,
ECON5_f_W54,qwen3-8b,"[0.10771041789287816, 0.1739258387286639, 0.31047675103001765, 0.3101824602707475, 0.09770453207769277]",100,"[0.0, 0.0, 0.93, 0.07, 0.0]",0.6195232489699823,100,"[0.04, 0.14, 0.59, 0.17, 0.06]",0.2795232489699822,"{
  ""distribution"": [
    0.15,
    0.20,
    0.25,
    0.20,
    0.20
  ]
}",0.1706592113007651,
ECON5_g_W54,qwen3-8b,"[0.23095097460129946, 0.24867099822799762, 0.17365623154164206, 0.06467808623744832, 0.2820437093916125]",100,"[0.0, 0.2, 0.71, 0.09, 0.0]",0.5616656822209095,100,"[0.05, 0.27, 0.42, 0.12, 0.14]",0.322994683992912,"{
  ""distribution"": [
    0.25,
    0.20,
    0.15,
    0.15,
    0.25
  ]
}",0.1043709391612522,
ECON5_h_W54,qwen3-8b,"[0.13488783943329397, 0.1537780401416765, 0.23878394332939787, 0.2792207792207792, 0.19332939787485243]",100,"[0.0, 0.0, 0.43, 0.57, 0.0]",0.4819952774498229,100,"[0.02, 0.05, 0.5, 0.38, 0.05]",0.3619952774498229,"{
  ""distribution"": [
    0.15,
    0.20,
    0.25,
    0.20,
    0.20
  ]
}",0.0792207792207792,
ECON5_i_W54,qwen3-8b,"[0.13926670609107036, 0.1605558840922531, 0.2563571850975754, 0.2430514488468362, 0.20076877587226494]",100,"[0.0, 0.0, 0.74, 0.26, 0.0]",0.5005913660555885,100,"[0.03, 0.09, 0.54, 0.31, 0.03]",0.3505913660555884,"{
  ""distribution"": [
    0.15,
    0.20,
    0.25,
    0.20,
    0.20
  ]
}",0.0501774098166765,
ECON5_j_W54,qwen3-8b,"[0.08644516318729785, 0.14113496030579242, 0.30755660099970594, 0.32549250220523374, 0.13937077330197]",100,"[0.0, 0.0, 0.41, 0.59, 0.0]",0.3669508967950602,100,"[0.01, 0.1, 0.44, 0.44, 0.01]",0.2469508967950603,"{
  ""distribution"": [
    0.15,
    0.20,
    0.25,
    0.20,
    0.20
  ]
}",0.1830491032049397,
ECON5_k_W54,qwen3-8b,"[0.18672566371681415, 0.3386430678466077, 0.21622418879056046, 0.0808259587020649, 0.1775811209439528]",100,"[0.18, 0.46, 0.34, 0.02, 0.0]",0.2451327433628318,100,"[0.22, 0.37, 0.22, 0.12, 0.07]",0.1075811209439528,"{
  ""distribution"": [
    0.25,
    0.20,
    0.15,
    0.15,
    0.25
  ]
}",0.2048672566371681,
ETHNCMAJMOD_W41,qwen3-8b,"[0.07188498402555911, 0.15215654952076677, 0.4221246006389776, 0.17492012779552715, 0.17891373801916932]",100,"[0.0, 0.0, 0.07, 0.36, 0.57]",0.5761661341853035,100,"[0.07, 0.15, 0.21, 0.35, 0.22]",0.2161661341853035,"{
  ""distribution"": [
    0.15,
    0.20,
    0.25,
    0.20,
    0.20
  ]
}",0.1721246006389776,
FAMNEAR_W32,qwen3-8b,"[0.3331285831285831, 0.3441850941850942, 0.3104013104013104, 0.0, 0.012285012285012284]",100,"[0.01, 0.98, 0.01, 0.0, 0.0]",0.6358149058149057,100,"[0.17, 0.61, 0.13, 0.03, 0.06]",0.3435298935298935,"{
  ""distribution"": [0.25, 0.30, 0.20, 0.15, 0.10]
}",0.2377149877149877,
FAMSURV17_W50,qwen3-8b,"[0.5877652606759235, 0.1089861147498035, 0.07990568509300498, 0.11029604401362327, 0.11304689546764475]",100,"[0.51, 0.07, 0.14, 0.22, 0.06]",0.1697982708933717,100,"[0.46, 0.14, 0.1, 0.21, 0.09]",0.1508121561435682,"{
  ""distribution"": [
    0.30,
    0.25,
    0.15,
    0.18,
    0.12
  ]
}",0.2877652606759234,
GAP21Q15_a_W82,qwen3-8b,"[0.06581494386372436, 0.23693379790940766, 0.2981029810298103, 0.32713898567557104, 0.07200929152148665]",100,"[0.0, 0.0, 0.0, 0.04, 0.96]",0.8879907084785135,100,"[0.01, 0.05, 0.05, 0.43, 0.46]",0.4908517228029423,"{
  ""distribution"": [0.15, 0.25, 0.30, 0.20, 0.10]
}",0.127138985675571,
GAP21Q15_b_W82,qwen3-8b,"[0.15027110766847404, 0.36212238574748257, 0.33501161890007747, 0.12742060418280401, 0.02517428350116189]",100,"[0.16, 0.4, 0.22, 0.22, 0.0]",0.1401859024012394,100,"[0.06, 0.27, 0.13, 0.5, 0.04]",0.3874051123160341,"{
  ""distribution"": [0.25, 0.25, 0.20, 0.15, 0.15]
}",0.24713400464756,
GAP21Q15_c_W82,qwen3-8b,"[0.12374323279195669, 0.41105955143078116, 0.3066511987625677, 0.14153132250580047, 0.017014694508894045]",100,"[0.0, 0.01, 0.81, 0.18, 0.0]",0.5418174787316319,100,"[0.01, 0.12, 0.39, 0.48, 0.0]",0.4218174787316319,"{
  ""distribution"": [0.25, 0.25, 0.20, 0.15, 0.15]
}",0.2677107501933488,
GAP21Q15_d_W82,qwen3-8b,"[0.45843045843045843, 0.36363636363636365, 0.1522921522921523, 0.021756021756021756, 0.003885003885003885]",100,"[0.93, 0.06, 0.0, 0.01, 0.0]",0.4715695415695416,100,"[0.37, 0.34, 0.06, 0.22, 0.01]",0.2043589743589743,"{
  ""distribution"": [0.25, 0.25, 0.20, 0.15, 0.15]
}",0.3220668220668221,
GAP21Q15_e_W82,qwen3-8b,"[0.168343653250774, 0.5, 0.27321981424148606, 0.053405572755417956, 0.005030959752321981]",100,"[0.7, 0.24, 0.04, 0.02, 0.0]",0.5316563467492259,100,"[0.27, 0.39, 0.05, 0.28, 0.01]",0.333219814241486,"{
  ""distribution"": [0.25, 0.25, 0.20, 0.15, 0.15]
}",0.323219814241486,
GAP21Q15_f_W82,qwen3-8b,"[0.3009331259720062, 0.3973561430793157, 0.23522550544323484, 0.04354587869362364, 0.022939346811819597]",100,"[0.13, 0.58, 0.29, 0.0, 0.0]",0.2374183514774494,100,"[0.18, 0.24, 0.14, 0.41, 0.03]",0.3735147744945568,"{
  ""distribution"": [0.25, 0.25, 0.20, 0.15, 0.15]
}",0.2335147744945567,
IMPREASONGUN_W26,qwen3-8b,"[0.5009416195856874, 0.263653483992467, 0.14500941619585686, 0.04519774011299435, 0.04519774011299435]",100,"[0.87, 0.11, 0.02, 0.0, 0.0]",0.3690583804143126,100,"[0.66, 0.09, 0.05, 0.09, 0.11]",0.2686629001883239,"{
  ""distribution"": [
    0.45,
    0.20,
    0.15,
    0.10,
    0.10
  ]
}",0.1145951035781544,
INDUSTRY_W27,qwen3-8b,"[0.1035958904109589, 0.2568493150684932, 0.19006849315068494, 0.12756849315068494, 0.3219178082191781]",100,"[0.07, 0.05, 0.34, 0.1, 0.44]",0.268013698630137,100,"[0.18, 0.21, 0.29, 0.2, 0.12]",0.2487671232876712,"{
  ""distribution"": [
    0.18,
    0.16,
    0.15,
    0.17,
    0.24
  ]
}",0.157724505327245,
INTRMAR_W41,qwen3-8b,"[0.03588516746411483, 0.0773524720893142, 0.3975279106858054, 0.19497607655502391, 0.2942583732057416]",100,"[0.0, 0.0, 0.19, 0.48, 0.33]",0.3207655502392344,100,"[0.08, 0.03, 0.24, 0.43, 0.22]",0.2791387559808612,"{
  ""distribution"": [
    0.15,
    0.18,
    0.25,
    0.22,
    0.20
  ]
}",0.241786283891547,
LEGALIMMIGAMT_W92,qwen3-8b,"[0.12687312687312688, 0.12517482517482517, 0.44755244755244755, 0.189010989010989, 0.11138861138861139]",100,"[0.0, 0.02, 0.34, 0.6, 0.04]",0.4109890109890109,100,"[0.12, 0.13, 0.31, 0.35, 0.09]",0.1658141858141858,"```json
{
  ""distribution"": [0.15, 0.15, 0.35, 0.20, 0.15]
}
```",0.0975524475524475,
MADEUPSMCLICK_W45,qwen3-8b,"[0.049187527448397016, 0.26570048309178745, 0.3708827404479578, 0.22112428634167763, 0.09310496267018006]",100,"[0.0, 0.28, 0.72, 0.0, 0.0]",0.3634167764602547,100,"[0.06, 0.36, 0.42, 0.1, 0.06]",0.1542292490118577,"{
  ""distribution"": [0.15, 0.30, 0.25, 0.15, 0.15]
}",0.1920070267896354,
MARRDUR_W50,qwen3-8b,"[0.053864168618266976, 0.10577673692427791, 0.11982825917252146, 0.25604996096799376, 0.4644808743169399]",100,"[0.0, 0.0, 0.25, 0.68, 0.07]",0.5541217798594849,100,"[0.11, 0.06, 0.14, 0.36, 0.33]",0.1802576112412178,"```json
{
  ""distribution"": [
    0.15,
    0.20,
    0.25,
    0.20,
    0.20
  ]
}
```",0.3205308352849336,
NEIGHINTERA_W32,qwen3-8b,"[0.0592899621553433, 0.22454496305640656, 0.2760857812218418, 0.22868985402775274, 0.2113894395386556]",100,"[0.0, 0.0, 0.08, 0.88, 0.04]",0.6513101459722472,100,"[0.01, 0.06, 0.31, 0.47, 0.15]",0.2752243647504054,"{
  ""distribution"": [
    0.05,
    0.15,
    0.25,
    0.30,
    0.25
  ]
}",0.1099207064335916,
NEIGHINTERB_W32,qwen3-8b,"[0.031287970838396115, 0.11786148238153099, 0.1743620899149453, 0.1852976913730255, 0.49119076549210205]",100,"[0.0, 0.0, 0.19, 0.78, 0.03]",0.6103402187120291,100,"[0.05, 0.08, 0.32, 0.38, 0.17]",0.359052247873633,"{
  ""distribution"": [
    0.15,
    0.25,
    0.20,
    0.20,
    0.20
  ]
}",0.2911907654921021,
NEIGHINTERC_W32,qwen3-8b,"[0.03961703532518983, 0.15516672169032683, 0.1868603499504787, 0.20964014526246286, 0.40871574777154174]",100,"[0.0, 0.0, 0.09, 0.85, 0.06]",0.6403598547375371,100,"[0.01, 0.07, 0.3, 0.4, 0.22]",0.3034995047870584,"{
  ""distribution"": [
    0.10,
    0.20,
    0.25,
    0.25,
    0.20
  ]
}",0.2087157477715417,
NEIGHINTERD_W32,qwen3-8b,"[0.007345225603357817, 0.026232948583420776, 0.07904861839804127, 0.18607904861839805, 0.7012941587967821]",100,"[0.0, 0.0, 0.01, 0.97, 0.02]",0.7839209513816019,100,"[0.01, 0.0, 0.24, 0.59, 0.16]",0.5675271073802028,"{
  ""distribution"": [
    0.02,
    0.05,
    0.15,
    0.30,
    0.48
  ]
}",0.2212941587967821,
NEIGHSAMEA_W32,qwen3-8b,"[0.18164251207729468, 0.46618357487922707, 0.1497584541062802, 0.15475040257648953, 0.04766505636070854]",100,"[0.0, 0.18, 0.54, 0.28, 0.0]",0.5154911433172303,100,"[0.01, 0.13, 0.23, 0.61, 0.02]",0.5354911433172304,"{
  ""distribution"": [0.05, 0.20, 0.30, 0.30, 0.15]
}",0.3978260869565218,
NEIGHSAMEB_W32,qwen3-8b,"[0.07869918699186992, 0.4943089430894309, 0.19528455284552845, 0.19203252032520327, 0.03967479674796748]",100,"[0.0, 0.16, 0.65, 0.19, 0.0]",0.4547154471544716,100,"[0.05, 0.15, 0.23, 0.57, 0.0]",0.4126829268292682,"{
  ""distribution"": [0.05, 0.15, 0.30, 0.35, 0.15]
}",0.3730081300813008,
NEIGHSAMEC_W32,qwen3-8b,"[0.015538847117794486, 0.2509607351712615, 0.3263157894736842, 0.3284878863826232, 0.0786967418546366]",100,"[0.0, 0.03, 0.37, 0.58, 0.02]",0.2951963241436925,100,"[0.04, 0.08, 0.23, 0.63, 0.02]",0.3259732664995823,"{
  ""distribution"": [0.02, 0.15, 0.30, 0.40, 0.13]
}",0.1272765246449457,
NEWSPREFV2_W45,qwen3-8b,"[0.08992628992628993, 0.08746928746928746, 0.4018018018018018, 0.104995904995905, 0.3158067158067158]",100,"[0.0, 0.07, 0.27, 0.2, 0.46]",0.2391973791973791,100,"[0.1, 0.04, 0.35, 0.14, 0.37]",0.0992710892710892,"{
  ""distribution"": [
    0.15,
    0.10,
    0.12,
    0.30,
    0.33
  ]
}",0.2818018018018018,
ORIENTATIONMOD_W50,qwen3-8b,"[0.029216467463479414, 0.9098988660741649, 0.034528552456839307, 0.013178057002758198, 0.013178057002758198]",100,"[0.01, 0.88, 0.07, 0.0, 0.04]",0.0622933905404025,100,"[0.05, 0.49, 0.12, 0.25, 0.09]",0.4198988660741649,"{
  ""distribution"": [
    0.15,
    0.60,
    0.05,
    0.10,
    0.10
  ]
}",0.3098988660741649,
PP1_W49,qwen3-8b,"[0.020666979802724285, 0.1592296852982621, 0.23790511977454204, 0.3233912635039925, 0.2588069516204791]",100,"[0.0, 0.0, 0.11, 0.75, 0.14]",0.4266087364960075,100,"[0.04, 0.28, 0.22, 0.34, 0.12]",0.1567120713950212,"{
  ""distribution"": [
    0.45,
    0.25,
    0.15,
    0.10,
    0.05
  ]
}",0.5201033348990136,
PWMAN2_W49,qwen3-8b,"[0.3829169087739686, 0.1167925624636839, 0.368390470656595, 0.031958163858221963, 0.0999418942475305]",100,"[0.0, 0.71, 0.05, 0.0, 0.24]",0.7332655432887856,100,"[0.13, 0.35, 0.24, 0.07, 0.21]",0.3813073794305636,"{
  ""distribution"": [
    0.35,
    0.25,
    0.15,
    0.10,
    0.15
  ]
}",0.2513073794305636,
RACESURV18a_W43,qwen3-8b,"[0.06681852695520121, 0.4510250569476082, 0.29916476841306, 0.05907365223993925, 0.12391799544419134]",100,"[0.0, 0.0, 1.0, 0.0, 0.0]",0.7008352315869399,100,"[0.02, 0.11, 0.73, 0.04, 0.1]",0.43083523158694,"{
  ""distribution"": [0.10, 0.25, 0.35, 0.20, 0.10]
}",0.2249430523917995,
RACESURV18b_W43,qwen3-8b,"[0.09291362530413626, 0.4431265206812652, 0.20027372262773724, 0.0364963503649635, 0.2271897810218978]",100,"[0.0, 0.0, 1.0, 0.0, 0.0]",0.7997262773722627,100,"[0.0, 0.1, 0.78, 0.05, 0.07]",0.5932299270072993,"{
  ""distribution"": [0.05, 0.15, 0.40, 0.25, 0.15]
}",0.4132299270072992,
RACESURV18c_W43,qwen3-8b,"[0.0425402613187481, 0.39668793679732606, 0.38726830750531754, 0.09693102400486174, 0.07657247037374658]",100,"[0.0, 0.0, 1.0, 0.0, 0.0]",0.6127316924946824,100,"[0.02, 0.05, 0.76, 0.06, 0.11]",0.4061592221209358,"{
  ""distribution"": [0.10, 0.25, 0.35, 0.20, 0.10]
}",0.1839562443026436,
RACESURV18d_W43,qwen3-8b,"[0.14900410521514368, 0.5663676448228676, 0.09578835335259236, 0.014900410521514367, 0.173939486087882]",100,"[0.0, 0.5, 0.5, 0.0, 0.0]",0.4042116466474076,100,"[0.1, 0.41, 0.38, 0.04, 0.07]",0.3093112361258933,"{
  ""distribution"": [0.12, 0.25, 0.35, 0.18, 0.10]
}",0.4193112361258933,
RACESURV18e_W43,qwen3-8b,"[0.05360668185269552, 0.352619589977221, 0.21305998481397115, 0.03826879271070615, 0.3424449506454062]",100,"[0.0, 0.06, 0.94, 0.0, 0.0]",0.7269400151860288,100,"[0.06, 0.12, 0.53, 0.03, 0.26]",0.3233333333333333,"{
  ""distribution"": [0.10, 0.25, 0.35, 0.20, 0.10]
}",0.3450645406226272,
RACESURV18f_W43,qwen3-8b,"[0.0670722433460076, 0.3767300380228137, 0.1314068441064639, 0.02053231939163498, 0.40425855513307984]",100,"[0.0, 0.07, 0.93, 0.0, 0.0]",0.7985931558935362,100,"[0.06, 0.19, 0.58, 0.02, 0.15]",0.4485931558935361,"{
  ""distribution"": [0.12, 0.25, 0.35, 0.18, 0.10]
}",0.4309885931558935,
RACESURV2_W43,qwen3-8b,"[0.6171497584541062, 0.18115942028985507, 0.042270531400966184, 0.010869565217391304, 0.14855072463768115]",100,"[0.79, 0.2, 0.01, 0.0, 0.0]",0.1916908212560386,100,"[0.52, 0.3, 0.05, 0.11, 0.02]",0.2257004830917874,"```json
{
  ""distribution"": [0.25, 0.30, 0.20, 0.15, 0.10]
}
```",0.4157004830917874,
RACESURV34a_W43,qwen3-8b,"[0.12206644315757391, 0.21365437366656506, 0.16808899725693385, 0.06949100883876867, 0.4266991770801585]",100,"[0.02, 0.47, 0.24, 0.11, 0.16]",0.3687656202377323,100,"[0.16, 0.29, 0.17, 0.17, 0.21]",0.2166991770801585,"{
  ""distribution"": [
    0.25,
    0.20,
    0.15,
    0.15,
    0.25
  ]
}",0.2084425480036573,
RACESURV34b_W43,qwen3-8b,"[0.1365571776155718, 0.2215632603406326, 0.21380778588807786, 0.06067518248175183, 0.36739659367396593]",100,"[0.02, 0.54, 0.29, 0.11, 0.04]",0.4439537712895377,100,"[0.09, 0.29, 0.19, 0.15, 0.28]",0.1577615571776155,"{
  ""distribution"": [
    0.25,
    0.20,
    0.15,
    0.15,
    0.25
  ]
}",0.2027676399026763,
RACESURV34c_W43,qwen3-8b,"[0.15776662102540698, 0.19078046554084893, 0.2031036056595162, 0.1597444089456869, 0.288604898828541]",100,"[0.33, 0.41, 0.23, 0.03, 0.0]",0.4183493077742279,100,"[0.19, 0.29, 0.23, 0.2, 0.09]",0.198604898828541,"{
  ""distribution"": [
    0.25,
    0.20,
    0.15,
    0.15,
    0.25
  ]
}",0.1014529134337441,
RACESURV34d_W43,qwen3-8b,"[0.6381878990574643, 0.17862572210398298, 0.035421100638491944, 0.02508361204013378, 0.12268166615992702]",100,"[0.67, 0.32, 0.01, 0.0, 0.0]",0.1731863788385527,100,"[0.61, 0.2, 0.09, 0.08, 0.02]",0.1308695652173913,"{
  ""distribution"": [
    0.35,
    0.25,
    0.15,
    0.10,
    0.15
  ]
}",0.2881878990574643,
RACESURV34e_W43,qwen3-8b,"[0.25232221714633774, 0.3630272574996193, 0.05451499923861733, 0.02436424546977311, 0.3057712806456525]",100,"[0.23, 0.64, 0.12, 0.01, 0.0]",0.3424577432617633,100,"[0.25, 0.32, 0.21, 0.08, 0.14]",0.2111207552916095,"{
  ""distribution"": [
    0.25,
    0.20,
    0.15,
    0.15,
    0.25
  ]
}",0.2211207552916095,
RACESURV40_W43,qwen3-8b,"[0.10984615384615384, 0.6496923076923077, 0.1453846153846154, 0.0, 0.09507692307692307]",100,"[0.0, 0.98, 0.02, 0.0, 0.0]",0.3303076923076923,100,"[0.16, 0.62, 0.16, 0.03, 0.03]",0.0947692307692307,"{
  ""distribution"": [0.35, 0.30, 0.20, 0.10, 0.05]
}",0.3947692307692307,
RACESURV41_W43,qwen3-8b,"[0.058936272160996644, 0.4266091678645584, 0.368471490177288, 0.0, 0.145983069797157]",100,"[0.0, 0.96, 0.04, 0.0, 0.0]",0.5333908321354416,100,"[0.35, 0.39, 0.17, 0.06, 0.03]",0.3510637278390033,"{
  ""distribution"": [0.25, 0.30, 0.20, 0.15, 0.10]
}",0.3410637278390033,
RACESURV44_W43,qwen3-8b,"[0.12837108953613807, 0.6045615657266142, 0.13807982740021574, 0.0, 0.1289875173370319]",100,"[0.0, 0.81, 0.19, 0.0, 0.0]",0.25735860687317,100,"[0.06, 0.51, 0.27, 0.06, 0.1]",0.1919201725997842,"{
  ""distribution"": [0.25, 0.35, 0.20, 0.10, 0.10]
}",0.2835490830636462,
RACESURV45_W43,qwen3-8b,"[0.04443672973442111, 0.31921541399062664, 0.39802117687901406, 0.0, 0.2383266793959382]",100,"[0.07, 0.91, 0.02, 0.0, 0.0]",0.6163478562749523,100,"[0.5, 0.28, 0.1, 0.07, 0.05]",0.5255632702655789,"{
  ""distribution"": [0.35, 0.25, 0.20, 0.10, 0.10]
}",0.4055632702655789,
RACESURV47a_W43,qwen3-8b,"[0.1975121359223301, 0.23270631067961164, 0.12408980582524272, 0.2503033980582524, 0.1953883495145631]",100,"[0.0, 0.02, 0.12, 0.85, 0.01]",0.5996966019417476,100,"[0.0, 0.12, 0.12, 0.75, 0.01]",0.4996966019417475,"{
  ""distribution"": [0.10, 0.25, 0.15, 0.40, 0.10]
}",0.1929004854368932,
RACESURV47b_W43,qwen3-8b,"[0.12037598544572468, 0.20830806549423894, 0.14129775621588841, 0.4105518496058217, 0.11946634323832626]",100,"[0.0, 0.09, 0.37, 0.51, 0.03]",0.3281503941782899,100,"[0.0, 0.09, 0.17, 0.74, 0.0]",0.3581503941782899,"```json
{
  ""distribution"": [0.05, 0.15, 0.20, 0.40, 0.20]
}
```",0.1392359005457853,
RACESURV47c_W43,qwen3-8b,"[0.02034001214329083, 0.05312689738919247, 0.11900425015179114, 0.7468123861566485, 0.06071645415907711]",100,"[0.0, 0.0, 0.03, 0.96, 0.01]",0.2131876138433515,100,"[0.0, 0.06, 0.18, 0.74, 0.02]",0.0678688524590164,"{
  ""distribution"": [
    0.05,
    0.15,
    0.20,
    0.40,
    0.20
  ]
}",0.3468123861566484,
RACESURV47d_W43,qwen3-8b,"[0.1676829268292683, 0.33201219512195124, 0.20213414634146343, 0.17164634146341465, 0.12652439024390244]",100,"[0.0, 0.95, 0.05, 0.0, 0.0]",0.6179878048780487,100,"[0.09, 0.53, 0.18, 0.16, 0.04]",0.1979878048780488,"{
  ""distribution"": [0.15, 0.35, 0.20, 0.20, 0.10]
}",0.0463414634146341,
RACESURV47e_W43,qwen3-8b,"[0.22922374429223744, 0.3318112633181126, 0.14124809741248098, 0.16529680365296803, 0.1324200913242009]",100,"[0.0, 0.99, 0.01, 0.0, 0.0]",0.6581887366818874,100,"[0.15, 0.68, 0.02, 0.12, 0.03]",0.3481887366818874,"{
  ""distribution"": [0.25, 0.35, 0.15, 0.15, 0.10]
}",0.0477168949771689,
RACESURV47f_W43,qwen3-8b,"[0.11895345299665348, 0.18101612412534226, 0.1524186188013386, 0.43595984180103436, 0.11165196227563128]",100,"[0.0, 0.94, 0.06, 0.0, 0.0]",0.7589838758746578,100,"[0.06, 0.68, 0.05, 0.19, 0.02]",0.4989838758746577,"{
  ""distribution"": [0.15, 0.30, 0.20, 0.25, 0.10]
}",0.1976118040766656,
RACESURV5a_W43,qwen3-8b,"[0.4633515815085158, 0.19114963503649635, 0.06265206812652069, 0.035583941605839414, 0.24726277372262773]",100,"[0.4, 0.45, 0.12, 0.03, 0.0]",0.316198296836983,100,"[0.22, 0.37, 0.17, 0.21, 0.03]",0.4606143552311435,"{
  ""distribution"": [0.35, 0.25, 0.15, 0.15, 0.10]
}",0.2606143552311435,
RACESURV5b_W43,qwen3-8b,"[0.31236673773987206, 0.30414255254340544, 0.22738349070971672, 0.09016143770941212, 0.06594578129759367]",100,"[1.0, 0.0, 0.0, 0.0, 0.0]",0.687633262260128,100,"[0.64, 0.32, 0.01, 0.02, 0.01]",0.3434907097167224,"{
  ""distribution"": [0.35, 0.25, 0.20, 0.12, 0.08]
}",0.0815260432531221,
RACESURV5c_W43,qwen3-8b,"[0.05751673767498478, 0.11320754716981132, 0.3600121728545344, 0.19430919050517345, 0.27495435179549604]",100,"[0.0, 0.05, 0.86, 0.09, 0.0]",0.4999878271454655,100,"[0.01, 0.1, 0.55, 0.31, 0.03]",0.3056786366402921,"{
  ""distribution"": [0.25, 0.20, 0.15, 0.15, 0.25]
}",0.2792757151552039,
RACESURV5d_W43,qwen3-8b,"[0.09434537418076512, 0.27023319615912206, 0.1867093430879439, 0.03475080018289895, 0.41396128638926993]",100,"[0.19, 0.71, 0.05, 0.03, 0.02]",0.5354214296601127,100,"[0.1, 0.32, 0.21, 0.13, 0.24]",0.1739612863892699,"{
  ""distribution"": [0.25, 0.20, 0.15, 0.15, 0.25]
}",0.2709038256363358,
RACESURV5e_W43,qwen3-8b,"[0.06453576864535769, 0.1512937595129376, 0.2447488584474886, 0.182648401826484, 0.3567732115677321]",100,"[0.0, 0.0, 0.9, 0.1, 0.0]",0.6552511415525114,100,"[0.02, 0.0, 0.45, 0.48, 0.05]",0.5026027397260274,"{
  ""distribution"": [0.10, 0.20, 0.30, 0.25, 0.15]
}",0.2067732115677321,
RACESURV5f_W43,qwen3-8b,"[0.10836385836385837, 0.1623931623931624, 0.17032967032967034, 0.04120879120879121, 0.5177045177045178]",100,"[0.03, 0.38, 0.47, 0.1, 0.02]",0.576068376068376,100,"[0.09, 0.27, 0.28, 0.11, 0.25]",0.2860683760683761,"{
  ""distribution"": [0.15, 0.20, 0.25, 0.20, 0.20]
}",0.3177045177045177,
RACESURV5g_W43,qwen3-8b,"[0.030755176613885507, 0.04354445797807552, 0.321863580998782, 0.3447015834348356, 0.25913520097442144]",100,"[0.0, 0.0, 0.6, 0.4, 0.0]",0.3334348355663824,100,"[0.01, 0.0, 0.41, 0.53, 0.05]",0.2734348355663825,"{
  ""distribution"": [0.10, 0.15, 0.25, 0.30, 0.20]
}",0.175700365408039,
RACESURV5h_W43,qwen3-8b,"[0.12640877246420956, 0.19433445019798964, 0.10417301248857752, 0.0487359122753579, 0.5263478525738654]",100,"[0.12, 0.24, 0.63, 0.01, 0.0]",0.5714925373134329,100,"[0.07, 0.2, 0.45, 0.22, 0.06]",0.522756625038075,"{
  ""distribution"": [0.25, 0.20, 0.15, 0.15, 0.25]
}",0.2763478525738654,
RACESURV5i_W43,qwen3-8b,"[0.4184634072274522, 0.26632250227755844, 0.06225326450045551, 0.02459763133920437, 0.22836319465532948]",100,"[0.33, 0.25, 0.4, 0.02, 0.0]",0.3377467354995445,100,"[0.15, 0.27, 0.3, 0.2, 0.08]",0.4168266018827816,"{
  ""distribution"": [0.25, 0.20, 0.15, 0.15, 0.25]
}",0.2347859095050106,
RACESURV5j_W43,qwen3-8b,"[0.07145028884159318, 0.15171784737002128, 0.4262693827911219, 0.12161751292186075, 0.22894496807540285]",100,"[0.2, 0.31, 0.44, 0.05, 0.0]",0.3005624809972636,100,"[0.24, 0.17, 0.31, 0.19, 0.09]",0.2552143508665248,"{
  ""distribution"": [0.25, 0.20, 0.15, 0.15, 0.25]
}",0.2762693827911219,
RACESURV5k_W43,qwen3-8b,"[0.018793573810245528, 0.023340406183692028, 0.18945134889360413, 0.6877841770233404, 0.08063049408911792]",100,"[0.0, 0.0, 0.0, 1.0, 0.0]",0.3122158229766596,100,"[0.01, 0.01, 0.18, 0.8, 0.0]",0.1122158229766596,"{
  ""distribution"": [0.10, 0.20, 0.30, 0.25, 0.15]
}",0.4377841770233404,
RACESURV5l_W43,qwen3-8b,"[0.8072837632776935, 0.09408194233687406, 0.014871016691957511, 0.01881638846737481, 0.06494688922610015]",100,"[0.93, 0.04, 0.0, 0.03, 0.0]",0.1338998482549317,100,"[0.46, 0.18, 0.1, 0.24, 0.02]",0.3922306525037936,"{
  ""distribution"": [0.35, 0.25, 0.15, 0.15, 0.10]
}",0.4572837632776935,
RACESURV9_W43,qwen3-8b,"[0.12557271338876633, 0.4221958255557441, 0.12591209910062787, 0.02647208552519939, 0.2998472764296623]",100,"[0.0, 1.0, 0.0, 0.0, 0.0]",0.5778041744442559,100,"[0.15, 0.31, 0.25, 0.12, 0.17]",0.2420431019854064,"{
  ""distribution"": [
    0.25,
    0.30,
    0.20,
    0.15,
    0.10
  ]
}",0.3220431019854064,
RESTRICTWHO_W45,qwen3-8b,"[0.12199539018768521, 0.09614751399407309, 0.20217319723411262, 0.5393480408297662, 0.04033585775436286]",100,"[0.06, 0.1, 0.31, 0.53, 0.0]",0.1116792887718142,100,"[0.11, 0.2, 0.28, 0.38, 0.03]",0.1816792887718142,"{
  ""distribution"": [
    0.25,
    0.20,
    0.20,
    0.15,
    0.20
  ]
}",0.3915212380638788,
ROMRELDUR_W50,qwen3-8b,"[0.12362030905077263, 0.11479028697571744, 0.16556291390728478, 0.39514348785871967, 0.20088300220750552]",100,"[0.0, 0.0, 0.19, 0.79, 0.02]",0.4192935982339956,100,"[0.06, 0.01, 0.18, 0.54, 0.21]",0.16841059602649,"{
  ""distribution"": [
    0.25,
    0.20,
    0.15,
    0.25,
    0.15
  ]
}",0.2115894039735099,
SMSHARE_W45,qwen3-8b,"[0.07827230870423153, 0.2797632098224074, 0.24402543301907476, 0.03639552729664547, 0.3615435211576409]",100,"[0.11, 0.76, 0.13, 0.0, 0.0]",0.511964481473361,100,"[0.19, 0.5, 0.14, 0.02, 0.15]",0.3319644814733611,"{
  ""distribution"": [0.20, 0.25, 0.25, 0.15, 0.15]
}",0.2413067309800482,
SOCIETY_GUNS_W92,qwen3-8b,"[0.3616707616707617, 0.1841769041769042, 0.2454054054054054, 0.1142997542997543, 0.09444717444717445]",100,"[0.61, 0.02, 0.0, 0.37, 0.0]",0.504029484029484,100,"[0.44, 0.34, 0.07, 0.14, 0.01]",0.2598525798525798,"{
  ""distribution"": [
    0.35,
    0.25,
    0.20,
    0.12,
    0.08
  ]
}",0.0715233415233415,
SOCIETY_JBCLL_W92,qwen3-8b,"[0.08861508132084771, 0.24337111877772302, 0.29788072942336125, 0.29719073435189747, 0.07294233612617053]",100,"[0.05, 0.6, 0.03, 0.32, 0.0]",0.3794381468703794,100,"[0.35, 0.44, 0.05, 0.16, 0.0]",0.4580137999014292,"{
  ""distribution"": [
    0.25,
    0.25,
    0.20,
    0.15,
    0.15
  ]
}",0.2450714637752587,
SOCIETY_RELG_W92,qwen3-8b,"[0.22148711365656168, 0.2519996050162931, 0.32507159079687964, 0.09647477041572035, 0.10496692011454528]",100,"[0.0, 0.2, 0.19, 0.6, 0.01]",0.5035252295842797,100,"[0.08, 0.24, 0.25, 0.4, 0.03]",0.3035252295842797,"{
  ""distribution"": [
    0.25,
    0.20,
    0.20,
    0.20,
    0.15
  ]
}",0.1770711958131727,
SOCIETY_RHIST_W92,qwen3-8b,"[0.3104910274107671, 0.2268783277460067, 0.19305856832971802, 0.15066061920725696, 0.11891145730625123]",100,"[0.44, 0.24, 0.01, 0.3, 0.01]",0.2919700256359692,100,"[0.43, 0.37, 0.03, 0.14, 0.03]",0.2626306448432262,"{
  ""distribution"": [
    0.35,
    0.25,
    0.20,
    0.12,
    0.08
  ]
}",0.0695720765135081,
SOCIETY_SSM_W92,qwen3-8b,"[0.18628706531376218, 0.11368338094768989, 0.33011525958033694, 0.10550684661609694, 0.2644074475421141]",100,"[0.1, 0.09, 0.0, 0.23, 0.58]",0.4400857058417889,100,"[0.03, 0.17, 0.04, 0.43, 0.33]",0.4464023248940991,"{
  ""distribution"": [
    0.10,
    0.15,
    0.25,
    0.25,
    0.25
  ]
}",0.1808097724362131,
SOCIETY_TRANS_W92,qwen3-8b,"[0.18478260869565216, 0.14535573122529644, 0.2690711462450593, 0.15632411067193677, 0.24446640316205534]",100,"[0.0, 0.06, 0.0, 0.34, 0.6]",0.539209486166008,100,"[0.02, 0.22, 0.03, 0.41, 0.32]",0.4038537549407114,"{
  ""distribution"": [
    0.05,
    0.10,
    0.20,
    0.35,
    0.30
  ]
}",0.2492094861660078,
SOCIETY_WHT_W92,qwen3-8b,"[0.06305593990907293, 0.07817750543585689, 0.64657046847203, 0.12680371614943664, 0.08539237003360348]",100,"[0.0, 0.14, 0.39, 0.42, 0.05]",0.3550187784147064,100,"[0.08, 0.24, 0.28, 0.33, 0.07]",0.3819628385056335,"{
  ""distribution"": [
    0.05,
    0.10,
    0.30,
    0.35,
    0.20
  ]
}",0.3596264083811029,
TRACKCO1a_W49,qwen3-8b,"[0.4138093001409112, 0.330201972757163, 0.17895725692813527, 0.04133395960544857, 0.035697510568341945]",100,"[0.01, 0.29, 0.69, 0.01, 0.0]",0.5110427430718648,100,"[0.23, 0.11, 0.58, 0.05, 0.03]",0.4097087834664161,"{
  ""distribution"": [0.25, 0.20, 0.25, 0.15, 0.15]
}",0.2940112728980741,
TRACKCO1b_W49,qwen3-8b,"[0.11137218045112782, 0.19407894736842105, 0.3956766917293233, 0.19830827067669174, 0.10056390977443609]",100,"[0.03, 0.51, 0.41, 0.04, 0.01]",0.3302443609022557,100,"[0.29, 0.14, 0.41, 0.14, 0.02]",0.1929511278195488,"{
  ""distribution"": [0.15, 0.25, 0.35, 0.18, 0.07]
}",0.0945488721804511,
TRACKGOV1a_W49,qwen3-8b,"[0.22458628841607564, 0.23120567375886525, 0.31725768321513004, 0.14988179669030732, 0.07706855791962175]",100,"[0.0, 0.0, 0.89, 0.11, 0.0]",0.57274231678487,100,"[0.09, 0.05, 0.68, 0.14, 0.04]",0.3627423167848699,"{
  ""distribution"": [0.15, 0.20, 0.30, 0.25, 0.10]
}",0.1230496453900709,
TRACKGOV1b_W49,qwen3-8b,"[0.09764150943396227, 0.12028301886792453, 0.33160377358490567, 0.2849056603773585, 0.16556603773584905]",100,"[0.0, 0.02, 0.89, 0.09, 0.0]",0.5583962264150943,100,"[0.09, 0.04, 0.63, 0.17, 0.07]",0.2983962264150943,"{
  ""distribution"": [0.15, 0.25, 0.35, 0.15, 0.10]
}",0.2004716981132075,
USMILSIZ_W92,qwen3-8b,"[0.06100347739692002, 0.13303527074018878, 0.4299056135121709, 0.26070541480377546, 0.11535022354694485]",100,"[0.0, 0.02, 0.38, 0.58, 0.02]",0.3192945851962245,100,"[0.04, 0.24, 0.22, 0.43, 0.07]",0.2762593144560357,"{
  ""distribution"": [
    0.20,
    0.25,
    0.25,
    0.15,
    0.15
  ]
}",0.2906110283159463,
WORRY2a_W54,qwen3-8b,"[0.21701566847269, 0.15287743447063992, 0.2666569043783863, 0.17835700688241324, 0.18509298579587055]",100,"[0.0, 0.0, 0.98, 0.02, 0.0]",0.7133430956216136,100,"[0.15, 0.01, 0.57, 0.26, 0.01]",0.3849860887392005,"{
  ""distribution"": [0.05, 0.10, 0.35, 0.25, 0.25]
}",0.2198931029433299,
WORRY2b_W54,qwen3-8b,"[0.100140383715489, 0.07814693495554516, 0.28731867103416003, 0.30978006551240056, 0.22461394478240523]",100,"[0.0, 0.0, 0.93, 0.07, 0.0]",0.6426813289658398,100,"[0.13, 0.01, 0.53, 0.25, 0.08]",0.272540945250351,"{
  ""distribution"": [0.10, 0.15, 0.35, 0.25, 0.15]
}",0.1345343940102948,
WORRY2c_W54,qwen3-8b,"[0.20301081555100847, 0.14440222157263957, 0.2870505700087694, 0.21923414206372405, 0.14630225080385853]",100,"[0.0, 0.0, 1.0, 0.0, 0.0]",0.7129494299912307,100,"[0.13, 0.02, 0.52, 0.31, 0.02]",0.3237152879275066,"{
  ""distribution"": [0.15, 0.18, 0.30, 0.20, 0.17]
}",0.0722449576147325,
WORRY2d_W54,qwen3-8b,"[0.19078273591806877, 0.16356986100950988, 0.378054133138259, 0.1745427944403804, 0.09305047549378201]",100,"[0.0, 0.0, 0.98, 0.02, 0.0]",0.601945866861741,100,"[0.12, 0.13, 0.5, 0.22, 0.03]",0.1674030724213606,"{
  ""distribution"": [0.05, 0.10, 0.30, 0.35, 0.20]
}",0.2824067300658376,
WORRY2e_W54,qwen3-8b,"[0.23736328702335205, 0.1854862548034289, 0.3347620455217263, 0.13331362695832102, 0.10907478569317174]",100,"[0.0, 0.0, 0.98, 0.02, 0.0]",0.6452379544782737,100,"[0.11, 0.04, 0.55, 0.23, 0.07]",0.3119243275199527,"{
  ""distribution"": [0.05, 0.10, 0.40, 0.30, 0.15]
}",0.2728495418267809,
